Fuente,Sumidero,Mediatime,Medianatime,Stdtime,Flujomaximo,DistGrado,CoefAgrup,CentCercania,CentCarga,ExcentCarga,PageR
0,1,0.042176342010498045,0.03905320167541504,0.014056219439364309,44,4,0.16666666666666666,0.5135135135135135,0.023294346978557506,3,0.036580139543718165
0,2,0.04842598438262939,0.04685771465301514,0.020315335330625916,44,4,0.16666666666666666,0.5135135135135135,0.023294346978557506,3,0.036580139543718165
0,3,0.045569658279418945,0.03257954120635986,0.021315354566089493,44,4,0.16666666666666666,0.5135135135135135,0.023294346978557506,3,0.036580139543718165
0,4,0.04842939376831055,0.04686450958251953,0.02030485477458852,44,4,0.16666666666666666,0.5135135135135135,0.023294346978557506,3,0.036580139543718165
0,5,0.04859616756439209,0.046845316886901855,0.01490436617161776,44,4,0.16666666666666666,0.5135135135135135,0.023294346978557506,3,0.036580139543718165
0,6,0.048426055908203126,0.04684638977050781,0.01631759248852436,44,4,0.16666666666666666,0.5135135135135135,0.023294346978557506,3,0.036580139543718165
0,7,0.04530181884765625,0.039054155349731445,0.01775007804539607,44,4,0.16666666666666666,0.5135135135135135,0.023294346978557506,3,0.036580139543718165
0,8,0.043739724159240725,0.031243205070495605,0.018218245120997144,44,4,0.16666666666666666,0.5135135135135135,0.023294346978557506,3,0.036580139543718165
0,9,0.04686405658721924,0.03128242492675781,0.024187584055749122,44,4,0.16666666666666666,0.5135135135135135,0.023294346978557506,3,0.036580139543718165
0,10,0.04530189037322998,0.03125739097595215,0.02147363890299531,44,4,0.16666666666666666,0.5135135135135135,0.023294346978557506,3,0.036580139543718165
0,11,0.043739724159240725,0.031243205070495605,0.01822640691722004,44,4,0.16666666666666666,0.5135135135135135,0.023294346978557506,3,0.036580139543718165
0,12,0.046853041648864745,0.044776082038879395,0.01683819743647365,44,4,0.16666666666666666,0.5135135135135135,0.023294346978557506,3,0.036580139543718165
0,13,0.056442880630493165,0.04686450958251953,0.024460243478752017,44,4,0.16666666666666666,0.5135135135135135,0.023294346978557506,3,0.036580139543718165
0,14,0.06306102275848388,0.05339920520782471,0.02785428869112391,44,4,0.16666666666666666,0.5135135135135135,0.023294346978557506,3,0.036580139543718165
0,15,0.05036327838897705,0.04686558246612549,0.014678667253043258,44,4,0.16666666666666666,0.5135135135135135,0.023294346978557506,3,0.036580139543718165
0,16,0.049988317489624026,0.04686450958251953,0.019508804986533686,44,4,0.16666666666666666,0.5135135135135135,0.023294346978557506,3,0.036580139543718165
0,17,0.04686460494995117,0.039054036140441895,0.020958037225135704,37,4,0.16666666666666666,0.5135135135135135,0.023294346978557506,3,0.036580139543718165
0,18,0.06487665176391602,0.0624852180480957,0.02419330418192685,44,4,0.16666666666666666,0.5135135135135135,0.023294346978557506,3,0.036580139543718165
0,19,0.0499882698059082,0.04686307907104492,0.019511221621857946,44,4,0.16666666666666666,0.5135135135135135,0.023294346978557506,3,0.036580139543718165
1,0,0.05155050754547119,0.04686331748962402,0.022149737087328262,44,7,0.3333333333333333,0.6129032258064516,0.05105123920913393,2,0.05674685996822697
1,2,0.05376741886138916,0.04686415195465088,0.022492046852530735,56,7,0.3333333333333333,0.6129032258064516,0.05105123920913393,2,0.05674685996822697
1,3,0.05467469692230224,0.04686415195465088,0.016007451936883438,68,7,0.3333333333333333,0.6129032258064516,0.05105123920913393,2,0.05674685996822697
1,4,0.054952383041381836,0.04686462879180908,0.019974859104035382,55,7,0.3333333333333333,0.6129032258064516,0.05105123920913393,2,0.05674685996822697
1,5,0.04530212879180908,0.031242728233337402,0.02147604576287021,57,7,0.3333333333333333,0.6129032258064516,0.05105123920913393,2,0.05674685996822697
1,6,0.04530155658721924,0.03905308246612549,0.01773971082142243,57,7,0.3333333333333333,0.6129032258064516,0.05105123920913393,2,0.05674685996822697
1,7,0.05779895782470703,0.04686439037322998,0.022146705394335556,79,7,0.3333333333333333,0.6129032258064516,0.05105123920913393,2,0.05674685996822697
1,8,0.07029578685760499,0.054674625396728516,0.0336859499961055,79,7,0.3333333333333333,0.6129032258064516,0.05105123920913393,2,0.05674685996822697
1,9,0.05801136493682861,0.046896934509277344,0.01842894521882401,79,7,0.3333333333333333,0.6129032258064516,0.05105123920913393,2,0.05674685996822697
1,10,0.05623672008514404,0.04686391353607178,0.018753549960561642,79,7,0.3333333333333333,0.6129032258064516,0.05105123920913393,2,0.05674685996822697
1,11,0.05467479228973389,0.04686450958251953,0.016007578403472004,79,7,0.3333333333333333,0.6129032258064516,0.05105123920913393,2,0.05674685996822697
1,12,0.04530181884765625,0.031243324279785156,0.02465278549029449,63,7,0.3333333333333333,0.6129032258064516,0.05105123920913393,2,0.05674685996822697
1,13,0.04686405658721924,0.046863436698913574,0.01711252113250037,62,7,0.3333333333333333,0.6129032258064516,0.05105123920913393,2,0.05674685996822697
1,14,0.0484260082244873,0.046831369400024414,0.02030244513228924,53,7,0.3333333333333333,0.6129032258064516,0.05105123920913393,2,0.05674685996822697
1,15,0.05002651214599609,0.04684746265411377,0.019834118628154547,60,7,0.3333333333333333,0.6129032258064516,0.05105123920913393,2,0.05674685996822697
1,16,0.04808199405670166,0.04686415195465088,0.01666130977063718,50,7,0.3333333333333333,0.6129032258064516,0.05105123920913393,2,0.05674685996822697
1,17,0.04418914318084717,0.03349626064300537,0.017953616237985307,37,7,0.3333333333333333,0.6129032258064516,0.05105123920913393,2,0.05674685996822697
1,18,0.049988293647766115,0.04686427116394043,0.015306401649741362,56,7,0.3333333333333333,0.6129032258064516,0.05105123920913393,2,0.05674685996822697
1,19,0.05467464923858643,0.04686439037322998,0.01600736714708107,79,7,0.3333333333333333,0.6129032258064516,0.05105123920913393,2,0.05674685996822697
2,0,0.043739724159240725,0.031243562698364258,0.018226529487644392,44,5,0.2,0.5428571428571428,0.04385442773600669,3,0.04490768406051295
2,1,0.0502126932144165,0.046830058097839355,0.02278044801790328,56,5,0.2,0.5428571428571428,0.04385442773600669,3,0.04490768406051295
2,3,0.04842622280120849,0.04686403274536133,0.016309057945254668,56,5,0.2,0.5428571428571428,0.04385442773600669,3,0.04490768406051295
2,4,0.05467467308044434,0.04686415195465088,0.020055224914631655,55,5,0.2,0.5428571428571428,0.04385442773600669,3,0.04490768406051295
2,5,0.05155038833618164,0.046868324279785156,0.014051980657251181,56,5,0.2,0.5428571428571428,0.04385442773600669,3,0.04490768406051295
2,6,0.06116495132446289,0.04686450958251953,0.021854111775368477,56,5,0.2,0.5428571428571428,0.04385442773600669,3,0.04490768406051295
2,7,0.05779900550842285,0.04686427116394043,0.0185552348397625,56,5,0.2,0.5428571428571428,0.04385442773600669,3,0.04490768406051295
2,8,0.0718085765838623,0.06398904323577881,0.02571624945567965,56,5,0.2,0.5428571428571428,0.04385442773600669,3,0.04490768406051295
2,9,0.061234045028686526,0.0562281608581543,0.017519546899454244,56,5,0.2,0.5428571428571428,0.04385442773600669,3,0.04490768406051295
2,10,0.047833704948425294,0.04388439655303955,0.020439383107671245,56,5,0.2,0.5428571428571428,0.04385442773600669,3,0.04490768406051295
2,11,0.04998834133148193,0.04686379432678223,0.022958950405033974,56,5,0.2,0.5428571428571428,0.04385442773600669,3,0.04490768406051295
2,12,0.05779883861541748,0.04686415195465088,0.01569923216204879,56,5,0.2,0.5428571428571428,0.04385442773600669,3,0.04490768406051295
2,13,0.061366844177246097,0.05687391757965088,0.01744914091708258,56,5,0.2,0.5428571428571428,0.04385442773600669,3,0.04490768406051295
2,14,0.04686412811279297,0.03907120227813721,0.02095559155152092,53,5,0.2,0.5428571428571428,0.04385442773600669,3,0.04490768406051295
2,15,0.05637240409851074,0.04686462879180908,0.018682071677437444,56,5,0.2,0.5428571428571428,0.04385442773600669,3,0.04490768406051295
2,16,0.05155036449432373,0.04686295986175537,0.023223047422253028,50,5,0.2,0.5428571428571428,0.04385442773600669,3,0.04490768406051295
2,17,0.05099263191223145,0.04684901237487793,0.019900843322791385,37,5,0.2,0.5428571428571428,0.04385442773600669,3,0.04490768406051295
2,18,0.05779898166656494,0.04688429832458496,0.01570225570661778,56,5,0.2,0.5428571428571428,0.04385442773600669,3,0.04490768406051295
2,19,0.060923099517822266,0.05467414855957031,0.017740224020947864,56,5,0.2,0.5428571428571428,0.04385442773600669,3,0.04490768406051295
3,0,0.04061548709869385,0.03124260902404785,0.018750174288645834,44,6,0.3333333333333333,0.5757575757575758,0.04076858813700919,3,0.05072796118788439
3,1,0.05467469692230224,0.04686403274536133,0.02124586476445954,68,6,0.3333333333333333,0.5757575757575758,0.04076858813700919,3,0.05072796118788439
3,2,0.04905931949615479,0.04686415195465088,0.017527175105836543,56,6,0.3333333333333333,0.5757575757575758,0.04076858813700919,3,0.05072796118788439
3,4,0.0577988862991333,0.04686474800109863,0.018548854751382213,55,6,0.3333333333333333,0.5757575757575758,0.04076858813700919,3,0.05072796118788439
3,5,0.05311253070831299,0.046863675117492676,0.017397946918174274,57,6,0.3333333333333333,0.5757575757575758,0.04076858813700919,3,0.05072796118788439
3,6,0.061121559143066405,0.054674506187438965,0.0181154455972892,57,6,0.3333333333333333,0.5757575757575758,0.04076858813700919,3,0.05072796118788439
3,7,0.05779893398284912,0.04686439037322998,0.01854962977015618,68,6,0.3333333333333333,0.5757575757575758,0.04076858813700919,3,0.05072796118788439
3,8,0.05181827545166016,0.04686379432678223,0.022665552639965295,68,6,0.3333333333333333,0.5757575757575758,0.04076858813700919,3,0.05072796118788439
3,9,0.05732343196868896,0.04686391353607178,0.021060229372743634,68,6,0.3333333333333333,0.5757575757575758,0.04076858813700919,3,0.05072796118788439
3,10,0.056236886978149415,0.04686450958251953,0.018745649325393063,68,6,0.3333333333333333,0.5757575757575758,0.04076858813700919,3,0.05072796118788439
3,11,0.05155041217803955,0.04686403274536133,0.01407482976766126,68,6,0.3333333333333333,0.5757575757575758,0.04076858813700919,3,0.05072796118788439
3,12,0.05936112403869629,0.046869874000549316,0.018217710179759282,63,6,0.3333333333333333,0.5757575757575758,0.04076858813700919,3,0.05072796118788439
3,13,0.06583132743835449,0.0624847412109375,0.020116573445976258,62,6,0.3333333333333333,0.5757575757575758,0.04076858813700919,3,0.05072796118788439
3,14,0.04530191421508789,0.03905379772186279,0.017746531276413558,53,6,0.3333333333333333,0.5757575757575758,0.04076858813700919,3,0.05072796118788439
3,15,0.05324981212615967,0.04686415195465088,0.017350696323698407,60,6,0.3333333333333333,0.5757575757575758,0.04076858813700919,3,0.05072796118788439
3,16,0.07342021465301514,0.07810616493225098,0.023221584861045832,50,6,0.3333333333333333,0.5757575757575758,0.04076858813700919,3,0.05072796118788439
3,17,0.043989706039428714,0.0324932336807251,0.01806052095304629,37,6,0.3333333333333333,0.5757575757575758,0.04076858813700919,3,0.05072796118788439
3,18,0.05936117172241211,0.04686439037322998,0.021870197589758753,56,6,0.3333333333333333,0.5757575757575758,0.04076858813700919,3,0.05072796118788439
3,19,0.06404750347137451,0.054690003395080566,0.023638631743594592,68,6,0.3333333333333333,0.5757575757575758,0.04076858813700919,3,0.05072796118788439
4,0,0.05491313934326172,0.046863675117492676,0.015913863752477934,44,5,0.2,0.5588235294117647,0.03499837556855101,3,0.04334732289448821
4,1,0.05467464923858643,0.04686462879180908,0.020057071613354766,55,5,0.2,0.5588235294117647,0.03499837556855101,3,0.04334732289448821
4,2,0.057478713989257815,0.04686379432678223,0.018494488506458198,55,5,0.2,0.5588235294117647,0.03499837556855101,3,0.04334732289448821
4,3,0.056236863136291504,0.046865105628967285,0.018737445808294527,55,5,0.2,0.5588235294117647,0.03499837556855101,3,0.04334732289448821
4,5,0.06404745578765869,0.046864986419677734,0.02147583072144904,55,5,0.2,0.5588235294117647,0.03499837556855101,3,0.04334732289448821
4,6,0.049988317489624026,0.046865224838256836,0.01952366887777608,55,5,0.2,0.5588235294117647,0.03499837556855101,3,0.04334732289448821
4,7,0.048691749572753906,0.04684436321258545,0.020107564701096023,55,5,0.2,0.5588235294117647,0.03499837556855101,3,0.04334732289448821
4,8,0.04998812675476074,0.04686391353607178,0.019511093166906204,55,5,0.2,0.5588235294117647,0.03499837556855101,3,0.04334732289448821
4,9,0.048426270484924316,0.04686450958251953,0.020305338225232387,55,5,0.2,0.5588235294117647,0.03499837556855101,3,0.04334732289448821
4,10,0.048426127433776854,0.04686403274536133,0.020307689451570285,55,5,0.2,0.5588235294117647,0.03499837556855101,3,0.04334732289448821
4,11,0.04373974800109863,0.03124535083770752,0.018217390671360696,55,5,0.2,0.5588235294117647,0.03499837556855101,3,0.04334732289448821
4,12,0.05311248302459717,0.046863555908203125,0.022310253985278826,55,5,0.2,0.5588235294117647,0.03499837556855101,3,0.04334732289448821
4,13,0.051456880569458005,0.04686379432678223,0.02158641906687299,55,5,0.2,0.5588235294117647,0.03499837556855101,3,0.04334732289448821
4,14,0.054674625396728516,0.04686391353607178,0.020065423196606584,53,5,0.2,0.5588235294117647,0.03499837556855101,3,0.04334732289448821
4,15,0.056393218040466306,0.04686713218688965,0.018672795068049357,55,5,0.2,0.5588235294117647,0.03499837556855101,3,0.04334732289448821
4,16,0.051550436019897464,0.04686260223388672,0.0185639281554495,50,5,0.2,0.5588235294117647,0.03499837556855101,3,0.04334732289448821
4,17,0.040615391731262204,0.031243205070495605,0.01874527431873531,37,5,0.2,0.5588235294117647,0.03499837556855101,3,0.04334732289448821
4,18,0.05311615467071533,0.04686462879180908,0.021196041569305036,55,5,0.2,0.5588235294117647,0.03499837556855101,3,0.04334732289448821
4,19,0.046860337257385254,0.03126513957977295,0.02420600248857523,55,5,0.2,0.5588235294117647,0.03499837556855101,3,0.04334732289448821
5,0,0.04998812675476074,0.04686391353607178,0.019513401424145687,44,5,0.5,0.5428571428571428,0.009896268448900026,3,0.04187014202312122
5,1,0.04686405658721924,0.03905367851257324,0.020965700339567652,57,5,0.5,0.5428571428571428,0.009896268448900026,3,0.04187014202312122
5,2,0.05311250686645508,0.046863436698913574,0.021198646462967694,56,5,0.5,0.5428571428571428,0.009896268448900026,3,0.04187014202312122
5,3,0.05150926113128662,0.046860337257385254,0.022194840936737396,57,5,0.5,0.5428571428571428,0.009896268448900026,3,0.04187014202312122
5,4,0.05466053485870361,0.04686474800109863,0.020954703411903672,55,5,0.5,0.5428571428571428,0.009896268448900026,3,0.04187014202312122
5,6,0.06873393058776855,0.06248462200164795,0.028118597145921978,57,5,0.5,0.5428571428571428,0.009896268448900026,3,0.04187014202312122
5,7,0.04998848438262939,0.046862244606018066,0.020724063483509157,57,5,0.5,0.5428571428571428,0.009896268448900026,3,0.04187014202312122
5,8,0.04374330043792725,0.031278252601623535,0.018215065220857286,57,5,0.5,0.5428571428571428,0.009896268448900026,3,0.04187014202312122
5,9,0.045588016510009766,0.039055705070495605,0.018286654868921306,57,5,0.5,0.5428571428571428,0.009896268448900026,3,0.04187014202312122
5,10,0.04842276573181152,0.03905200958251953,0.023639561672236777,57,5,0.5,0.5428571428571428,0.009896268448900026,3,0.04187014202312122
5,11,0.048422813415527344,0.039054155349731445,0.023641350661740706,57,5,0.5,0.5428571428571428,0.009896268448900026,3,0.04187014202312122
5,12,0.048426055908203126,0.046863555908203125,0.02032064736077449,57,5,0.5,0.5428571428571428,0.009896268448900026,3,0.04187014202312122
5,13,0.053112578392028806,0.04684722423553467,0.021187843204613352,57,5,0.5,0.5428571428571428,0.009896268448900026,3,0.04187014202312122
5,14,0.0499882698059082,0.04686379432678223,0.022958295030409963,53,5,0.5,0.5428571428571428,0.009896268448900026,3,0.04187014202312122
5,15,0.054886388778686526,0.04688131809234619,0.019829534582695433,57,5,0.5,0.5428571428571428,0.009896268448900026,3,0.04187014202312122
5,16,0.06560931205749512,0.04687988758087158,0.03408161906645175,50,5,0.5,0.5428571428571428,0.009896268448900026,3,0.04187014202312122
5,17,0.04970054626464844,0.04686391353607178,0.014792106851073971,37,5,0.5,0.5428571428571428,0.009896268448900026,3,0.04187014202312122
5,18,0.05779552459716797,0.04686474800109863,0.018550724965037794,56,5,0.5,0.5428571428571428,0.009896268448900026,3,0.04187014202312122
5,19,0.046863985061645505,0.031260013580322266,0.02419814769395079,57,5,0.5,0.5428571428571428,0.009896268448900026,3,0.04187014202312122
6,0,0.049991941452026366,0.04686391353607178,0.019511490992339033,44,5,0.4,0.5588235294117647,0.012305068226120854,3,0.041751325215672506
6,1,0.04716713428497314,0.03903758525848389,0.021652944033468614,57,5,0.4,0.5588235294117647,0.012305068226120854,3,0.041751325215672506
6,2,0.06248540878295898,0.0624849796295166,0.01711241231525041,56,5,0.4,0.5588235294117647,0.012305068226120854,3,0.041751325215672506
6,3,0.05625150203704834,0.04686450958251953,0.018731180548873523,57,5,0.4,0.5588235294117647,0.012305068226120854,3,0.041751325215672506
6,4,0.05153579711914062,0.04686391353607178,0.014064475211014149,55,5,0.4,0.5588235294117647,0.012305068226120854,3,0.041751325215672506
6,5,0.05155367851257324,0.04686450958251953,0.022146506892519065,57,5,0.4,0.5588235294117647,0.012305068226120854,3,0.041751325215672506
6,7,0.04673988819122314,0.046830058097839355,0.016884114372715003,57,5,0.4,0.5588235294117647,0.012305068226120854,3,0.041751325215672506
6,8,0.046860265731811526,0.031242728233337402,0.02420313205609291,57,5,0.4,0.5588235294117647,0.012305068226120854,3,0.041751325215672506
6,9,0.04401099681854248,0.03243601322174072,0.01807257951920798,57,5,0.4,0.5588235294117647,0.012305068226120854,3,0.041751325215672506
6,10,0.04998824596405029,0.046863675117492676,0.01530621779437788,57,5,0.4,0.5588235294117647,0.012305068226120854,3,0.041751325215672506
6,11,0.04686276912689209,0.031242966651916504,0.02420398074859964,57,5,0.4,0.5588235294117647,0.012305068226120854,3,0.041751325215672506
6,12,0.04373977184295654,0.031259894371032715,0.018217380178359974,57,5,0.4,0.5588235294117647,0.012305068226120854,3,0.041751325215672506
6,13,0.0502988338470459,0.04688096046447754,0.019486320754222283,57,5,0.4,0.5588235294117647,0.012305068226120854,3,0.041751325215672506
6,14,0.0544548511505127,0.04686450958251953,0.01964430823651205,53,5,0.4,0.5588235294117647,0.012305068226120854,3,0.041751325215672506
6,15,0.05928480625152588,0.046866774559020996,0.01820847697931403,57,5,0.4,0.5588235294117647,0.012305068226120854,3,0.041751325215672506
6,16,0.06404736042022705,0.062485337257385254,0.02562076369530093,50,5,0.4,0.5588235294117647,0.012305068226120854,3,0.041751325215672506
6,17,0.07029612064361572,0.062485575675964355,0.03368569569692708,37,5,0.4,0.5588235294117647,0.012305068226120854,3,0.041751325215672506
6,18,0.06092333793640137,0.05467534065246582,0.017742927680267705,56,5,0.4,0.5588235294117647,0.012305068226120854,3,0.041751325215672506
6,19,0.05623672008514404,0.04686450958251953,0.020005100361997114,57,5,0.4,0.5588235294117647,0.012305068226120854,3,0.041751325215672506
7,0,0.048682236671447755,0.046861886978149414,0.020695310875029717,44,8,0.10714285714285714,0.6333333333333333,0.10676749744732203,2,0.06549841890183916
7,1,0.05936110019683838,0.04686427116394043,0.021870221416318936,79,8,0.10714285714285714,0.6333333333333333,0.10676749744732203,2,0.06549841890183916
7,2,0.057798910140991214,0.04688143730163574,0.018549680312020013,56,8,0.10714285714285714,0.6333333333333333,0.10676749744732203,2,0.06549841890183916
7,3,0.05936112403869629,0.04686892032623291,0.018217178289104595,68,8,0.10714285714285714,0.6333333333333333,0.10676749744732203,2,0.06549841890183916
7,4,0.05647900104522705,0.04686391353607178,0.019040100193681977,55,8,0.10714285714285714,0.6333333333333333,0.10676749744732203,2,0.06549841890183916
7,5,0.05936117172241211,0.04686379432678223,0.026883147022157074,57,8,0.10714285714285714,0.6333333333333333,0.10676749744732203,2,0.06549841890183916
7,6,0.048426151275634766,0.0390549898147583,0.023638764783744912,57,8,0.10714285714285714,0.6333333333333333,0.10676749744732203,2,0.06549841890183916
7,8,0.06116948127746582,0.054674625396728516,0.01820685548168619,91,8,0.10714285714285714,0.6333333333333333,0.10676749744732203,2,0.06549841890183916
7,9,0.06717159748077392,0.0624845027923584,0.014067144497277312,89,8,0.10714285714285714,0.6333333333333333,0.10676749744732203,2,0.06549841890183916
7,10,0.05779886245727539,0.04687047004699707,0.018548211694384194,82,8,0.10714285714285714,0.6333333333333333,0.10676749744732203,2,0.06549841890183916
7,11,0.07014527320861816,0.0624697208404541,0.02013099568019358,91,8,0.10714285714285714,0.6333333333333333,0.10676749744732203,2,0.06549841890183916
7,12,0.05155038833618164,0.04686403274536133,0.022146701133088195,63,8,0.10714285714285714,0.6333333333333333,0.10676749744732203,2,0.06549841890183916
7,13,0.05460834503173828,0.04686403274536133,0.022435756663481743,62,8,0.10714285714285714,0.6333333333333333,0.10676749744732203,2,0.06549841890183916
7,14,0.05311260223388672,0.04686427116394043,0.02119756216874582,53,8,0.10714285714285714,0.6333333333333333,0.10676749744732203,2,0.06549841890183916
7,15,0.05311253070831299,0.04686403274536133,0.01739544028150872,60,8,0.10714285714285714,0.6333333333333333,0.10676749744732203,2,0.06549841890183916
7,16,0.046863985061645505,0.03126871585845947,0.024205400092027634,50,8,0.10714285714285714,0.6333333333333333,0.10676749744732203,2,0.06549841890183916
7,17,0.045583486557006836,0.03265106678009033,0.021307470001096007,37,8,0.10714285714285714,0.6333333333333333,0.10676749744732203,2,0.06549841890183916
7,18,0.0531125545501709,0.04686415195465088,0.0173949344107073,56,8,0.10714285714285714,0.6333333333333333,0.10676749744732203,2,0.06549841890183916
7,19,0.06116929054260254,0.04811060428619385,0.021327527171159797,79,8,0.10714285714285714,0.6333333333333333,0.10676749744732203,2,0.06549841890183916
8,0,0.04530191421508789,0.03905332088470459,0.01774248683038343,44,9,0.2777777777777778,0.6333333333333333,0.08937621832358673,3,0.07098756977941886
8,1,0.06092314720153809,0.05465900897979736,0.017747156485788174,79,9,0.2777777777777778,0.6333333333333333,0.08937621832358673,3,0.07098756977941886
8,2,0.05169711112976074,0.04686439037322998,0.018530277467218227,56,9,0.2777777777777778,0.6333333333333333,0.08937621832358673,3,0.07098756977941886
8,3,0.062485241889953615,0.05467343330383301,0.02209945156395035,68,9,0.2777777777777778,0.6333333333333333,0.08937621832358673,3,0.07098756977941886
8,4,0.0812309741973877,0.08591675758361816,0.03186170167173085,55,9,0.2777777777777778,0.6333333333333333,0.08937621832358673,3,0.07098756977941886
8,5,0.0471024751663208,0.04022836685180664,0.02080346113249426,57,9,0.2777777777777778,0.6333333333333333,0.08937621832358673,3,0.07098756977941886
8,6,0.049988412857055665,0.04686450958251953,0.015305592764233829,57,9,0.2777777777777778,0.6333333333333333,0.08937621832358673,3,0.07098756977941886
8,7,0.06404750347137451,0.0624849796295166,0.016320185452156806,91,9,0.2777777777777778,0.6333333333333333,0.08937621832358673,3,0.07098756977941886
8,9,0.062485337257385254,0.04689896106719971,0.024191118470070293,89,9,0.2777777777777778,0.6333333333333333,0.08937621832358673,3,0.07098756977941886
8,10,0.05800764560699463,0.04686450958251953,0.018447398524684685,82,9,0.2777777777777778,0.6333333333333333,0.08937621832358673,3,0.07098756977941886
8,11,0.07350213527679443,0.06251907348632812,0.01850221820741293,102,9,0.2777777777777778,0.6333333333333333,0.08937621832358673,3,0.07098756977941886
8,12,0.06404740810394287,0.0624849796295166,0.024650172728023754,63,9,0.2777777777777778,0.6333333333333333,0.08937621832358673,3,0.07098756977941886
8,13,0.05623691082000733,0.04686450958251953,0.02338876108587174,62,9,0.2777777777777778,0.6333333333333333,0.08937621832358673,3,0.07098756977941886
8,14,0.0453019380569458,0.031243443489074707,0.021476257329744872,53,9,0.2777777777777778,0.6333333333333333,0.08937621832358673,3,0.07098756977941886
8,15,0.04686405658721924,0.04686307907104492,0.017112434091285444,60,9,0.2777777777777778,0.6333333333333333,0.08937621832358673,3,0.07098756977941886
8,16,0.046863889694213866,0.04682326316833496,0.01712733445073152,50,9,0.2777777777777778,0.6333333333333333,0.08937621832358673,3,0.07098756977941886
8,17,0.043995904922485354,0.031259775161743164,0.018714826993339803,37,9,0.2777777777777778,0.6333333333333333,0.08937621832358673,3,0.07098756977941886
8,18,0.05467464923858643,0.04686570167541504,0.01746273062790796,56,9,0.2777777777777778,0.6333333333333333,0.08937621832358673,3,0.07098756977941886
8,19,0.06398341655731202,0.05716085433959961,0.02192447764241597,79,9,0.2777777777777778,0.6333333333333333,0.08937621832358673,3,0.07098756977941886
9,0,0.0499915361404419,0.046843886375427246,0.022955539051350275,44,8,0.25,0.6129032258064516,0.06492040285899935,3,0.06349592538454255
9,1,0.060919761657714844,0.04686439037322998,0.02147833891826941,79,8,0.25,0.6129032258064516,0.06492040285899935,3,0.06349592538454255
9,2,0.06262013912200928,0.05534827709197998,0.020861432513419063,56,8,0.25,0.6129032258064516,0.06492040285899935,3,0.06349592538454255
9,3,0.05936100482940674,0.04686415195465088,0.0218702077935777,68,8,0.25,0.6129032258064516,0.06492040285899935,3,0.06349592538454255
9,4,0.05111904144287109,0.04686379432678223,0.02227634781895845,55,8,0.25,0.6129032258064516,0.06492040285899935,3,0.06349592538454255
9,5,0.048429441452026364,0.04686403274536133,0.020305272672375044,57,8,0.25,0.6129032258064516,0.06492040285899935,3,0.06349592538454255
9,6,0.04425656795501709,0.031244993209838867,0.022727654634652057,57,8,0.25,0.6129032258064516,0.06492040285899935,3,0.06349592538454255
9,7,0.06716833114624024,0.06248486042022705,0.02215009674121003,89,8,0.25,0.6129032258064516,0.06492040285899935,3,0.06349592538454255
9,8,0.062485361099243165,0.054674506187438965,0.020965593519736786,89,8,0.25,0.6129032258064516,0.06492040285899935,3,0.06349592538454255
9,10,0.060923218727111816,0.046865105628967285,0.021478422182755936,82,8,0.25,0.6129032258064516,0.06492040285899935,3,0.06349592538454255
9,11,0.07654454708099365,0.06248664855957031,0.021475719738302926,89,8,0.25,0.6129032258064516,0.06492040285899935,3,0.06349592538454255
9,12,0.07966880798339844,0.07810771465301514,0.032359396630206955,63,8,0.25,0.6129032258064516,0.06492040285899935,3,0.06349592538454255
9,13,0.06118779182434082,0.04686474800109863,0.02150991648693374,62,8,0.25,0.6129032258064516,0.06492040285899935,3,0.06349592538454255
9,14,0.049991512298583986,0.04686331748962402,0.01950767097456931,53,8,0.25,0.6129032258064516,0.06492040285899935,3,0.06349592538454255
9,15,0.056111717224121095,0.04686307907104492,0.019440540237616825,60,8,0.25,0.6129032258064516,0.06492040285899935,3,0.06349592538454255
9,16,0.05155045986175537,0.04686415195465088,0.02214687101538149,50,8,0.25,0.6129032258064516,0.06492040285899935,3,0.06349592538454255
9,17,0.04549257755279541,0.03321194648742676,0.020796738055942357,37,8,0.25,0.6129032258064516,0.06492040285899935,3,0.06349592538454255
9,18,0.048426055908203126,0.0468289852142334,0.02030034210208863,56,8,0.25,0.6129032258064516,0.06492040285899935,3,0.06349592538454255
9,19,0.06274683475494384,0.06244981288909912,0.016903414565255476,79,8,0.25,0.6129032258064516,0.06492040285899935,3,0.06349592538454255
10,0,0.06717181205749512,0.07810616493225098,0.021022963588095245,44,7,0.3333333333333333,0.6129032258064516,0.05732966675949132,2,0.05639190386060485
10,1,0.06092333793640137,0.054657697677612305,0.01774856006541946,79,7,0.3333333333333333,0.6129032258064516,0.05732966675949132,2,0.05639190386060485
10,2,0.05111873149871826,0.04686307907104492,0.01906962775964714,56,7,0.3333333333333333,0.6129032258064516,0.05732966675949132,2,0.05639190386060485
10,3,0.06062989234924317,0.048941969871520996,0.021306588863372097,68,7,0.3333333333333333,0.6129032258064516,0.05732966675949132,2,0.05639190386060485
10,4,0.04998815059661865,0.04686391353607178,0.01951112144484388,55,7,0.3333333333333333,0.6129032258064516,0.05732966675949132,2,0.05639190386060485
10,5,0.04998834133148193,0.046864986419677734,0.015309363060743236,57,7,0.3333333333333333,0.6129032258064516,0.05732966675949132,2,0.05639190386060485
10,6,0.05222964286804199,0.046881794929504395,0.018222848859801532,57,7,0.3333333333333333,0.6129032258064516,0.05732966675949132,2,0.05639190386060485
10,7,0.05792832374572754,0.04686439037322998,0.022086343123398834,82,7,0.3333333333333333,0.6129032258064516,0.05732966675949132,2,0.05639190386060485
10,8,0.05780181884765625,0.04686474800109863,0.018544520129278486,82,7,0.3333333333333333,0.6129032258064516,0.05732966675949132,2,0.05639190386060485
10,9,0.06059033870697021,0.04686427116394043,0.023277271418102697,82,7,0.3333333333333333,0.6129032258064516,0.05732966675949132,2,0.05639190386060485
10,11,0.05779883861541748,0.04688239097595215,0.018549383775145197,82,7,0.3333333333333333,0.6129032258064516,0.05732966675949132,2,0.05639190386060485
10,12,0.05311262607574463,0.04686391353607178,0.021190116421000077,63,7,0.3333333333333333,0.6129032258064516,0.05732966675949132,2,0.05639190386060485
10,13,0.0499882698059082,0.04686415195465088,0.0195112932676268,62,7,0.3333333333333333,0.6129032258064516,0.05732966675949132,2,0.05639190386060485
10,14,0.0453019380569458,0.03127694129943848,0.02146577318398579,53,7,0.3333333333333333,0.6129032258064516,0.05732966675949132,2,0.05639190386060485
10,15,0.05467455387115479,0.04686379432678223,0.020070792597154066,60,7,0.3333333333333333,0.6129032258064516,0.05732966675949132,2,0.05639190386060485
10,16,0.04728224277496338,0.04034781455993652,0.021020923632734945,50,7,0.3333333333333333,0.6129032258064516,0.05732966675949132,2,0.05639190386060485
10,17,0.04686400890350342,0.04684591293334961,0.017124814099698033,37,7,0.3333333333333333,0.6129032258064516,0.05732966675949132,2,0.05639190386060485
10,18,0.05467467308044434,0.04686450958251953,0.02006587498866913,56,7,0.3333333333333333,0.6129032258064516,0.05732966675949132,2,0.05639190386060485
10,19,0.08591740131378174,0.10153806209564209,0.0263718431799262,79,7,0.3333333333333333,0.6129032258064516,0.05732966675949132,2,0.05639190386060485
11,0,0.06248931884765625,0.04686582088470459,0.027052738318839097,44,9,0.25,0.6551724137931034,0.10530376868096165,2,0.07173097994634375
11,1,0.059627199172973634,0.0481945276260376,0.018051980212961,79,9,0.25,0.6551724137931034,0.10530376868096165,2,0.07173097994634375
11,2,0.05393915176391602,0.04687952995300293,0.02109126249715411,56,9,0.25,0.6551724137931034,0.10530376868096165,2,0.07173097994634375
11,3,0.056236863136291504,0.04686403274536133,0.018754426606655845,68,9,0.25,0.6551724137931034,0.10530376868096165,2,0.07173097994634375
11,4,0.0453019380569458,0.039055466651916504,0.017748760213059395,55,9,0.25,0.6551724137931034,0.10530376868096165,2,0.07173097994634375
11,5,0.04998805522918701,0.046863675117492676,0.019516390934993032,57,9,0.25,0.6551724137931034,0.10530376868096165,2,0.07173097994634375
11,6,0.05023858547210693,0.0468447208404541,0.022773891548240933,57,9,0.25,0.6551724137931034,0.10530376868096165,2,0.07173097994634375
11,7,0.08435523509979248,0.07810628414154053,0.02231226654081743,91,9,0.25,0.6551724137931034,0.10530376868096165,2,0.07173097994634375
11,8,0.07966866493225097,0.062485694885253906,0.027459760303080897,102,9,0.25,0.6551724137931034,0.10530376868096165,2,0.07173097994634375
11,9,0.06452672481536866,0.06248509883880615,0.02032177400485885,89,9,0.25,0.6551724137931034,0.10530376868096165,2,0.07173097994634375
11,10,0.05936107635498047,0.04686474800109863,0.021869656028816745,82,9,0.25,0.6551724137931034,0.10530376868096165,2,0.07173097994634375
11,12,0.049988174438476564,0.04686331748962402,0.022967541632750263,63,9,0.25,0.6551724137931034,0.10530376868096165,2,0.07173097994634375
11,13,0.04842622280120849,0.046863555908203125,0.020318157302092157,62,9,0.25,0.6551724137931034,0.10530376868096165,2,0.07173097994634375
11,14,0.05086112022399902,0.04686450958251953,0.019304780893221078,53,9,0.25,0.6551724137931034,0.10530376868096165,2,0.07173097994634375
11,15,0.05779893398284912,0.04686379432678223,0.022155412526489365,60,9,0.25,0.6551724137931034,0.10530376868096165,2,0.07173097994634375
11,16,0.048426151275634766,0.04686415195465088,0.016312040115478592,50,9,0.25,0.6551724137931034,0.10530376868096165,2,0.07173097994634375
11,17,0.04686381816864014,0.04686307907104492,0.01712212340283371,37,9,0.25,0.6551724137931034,0.10530376868096165,2,0.07173097994634375
11,18,0.05155031681060791,0.046863675117492676,0.018546864611578777,56,9,0.25,0.6551724137931034,0.10530376868096165,2,0.07173097994634375
11,19,0.051851940155029294,0.04686403274536133,0.021897614353705703,79,9,0.25,0.6551724137931034,0.10530376868096165,2,0.07173097994634375
12,0,0.04998824596405029,0.04686403274536133,0.015305675478566247,44,5,0.3,0.5588235294117647,0.012186716791979945,3,0.04156516381244148
12,1,0.0505033016204834,0.046846628189086914,0.02258777584177999,63,5,0.3,0.5588235294117647,0.012186716791979945,3,0.04156516381244148
12,2,0.060923218727111816,0.04686439037322998,0.02148912046433274,56,5,0.3,0.5588235294117647,0.012186716791979945,3,0.04156516381244148
12,3,0.061814093589782716,0.059146881103515625,0.01723287875651887,63,5,0.3,0.5588235294117647,0.012186716791979945,3,0.04156516381244148
12,4,0.05311253070831299,0.04686391353607178,0.021189880886483242,55,5,0.3,0.5588235294117647,0.012186716791979945,3,0.04156516381244148
12,5,0.0499882698059082,0.04686379432678223,0.019511159630186462,57,5,0.3,0.5588235294117647,0.012186716791979945,3,0.04156516381244148
12,6,0.053112459182739255,0.046865105628967285,0.020004799875470474,57,5,0.3,0.5588235294117647,0.012186716791979945,3,0.04156516381244148
12,7,0.08922972679138183,0.08591759204864502,0.03283813241932074,63,5,0.3,0.5588235294117647,0.012186716791979945,3,0.04156516381244148
12,8,0.05807924270629883,0.04686427116394043,0.02674610159995959,63,5,0.3,0.5588235294117647,0.012186716791979945,3,0.04156516381244148
12,9,0.05031752586364746,0.04686319828033447,0.022709557545753257,63,5,0.3,0.5588235294117647,0.012186716791979945,3,0.04156516381244148
12,10,0.05311264991760254,0.04686307907104492,0.021184617732568706,63,5,0.3,0.5588235294117647,0.012186716791979945,3,0.04156516381244148
12,11,0.04998822212219238,0.04686331748962402,0.02295878819171312,63,5,0.3,0.5588235294117647,0.012186716791979945,3,0.04156516381244148
12,13,0.05092043876647949,0.04686379432678223,0.017161320476271672,62,5,0.3,0.5588235294117647,0.012186716791979945,3,0.04156516381244148
12,14,0.05623674392700195,0.046863675117492676,0.018763254507893987,53,5,0.3,0.5588235294117647,0.012186716791979945,3,0.04156516381244148
12,15,0.05623683929443359,0.04686415195465088,0.01874555349492118,60,5,0.3,0.5588235294117647,0.012186716791979945,3,0.04156516381244148
12,16,0.06560964584350586,0.062485575675964355,0.021877163317431798,50,5,0.3,0.5588235294117647,0.012186716791979945,3,0.04156516381244148
12,17,0.0484260082244873,0.03905332088470459,0.023643215661878072,37,5,0.3,0.5588235294117647,0.012186716791979945,3,0.04156516381244148
12,18,0.05663859844207764,0.04686927795410156,0.018581632123859576,56,5,0.3,0.5588235294117647,0.012186716791979945,3,0.04156516381244148
12,19,0.04998481273651123,0.046863436698913574,0.022952407899844672,63,5,0.3,0.5588235294117647,0.012186716791979945,3,0.04156516381244148
13,0,0.05936126708984375,0.04686582088470459,0.018217100226840467,44,6,0.2,0.5588235294117647,0.032569850552306684,3,0.04952388533622927
13,1,0.05918495655059815,0.04687988758087158,0.02215144594266571,62,6,0.2,0.5588235294117647,0.032569850552306684,3,0.04952388533622927
13,2,0.06576066017150879,0.062485694885253906,0.019492632649106445,56,6,0.2,0.5588235294117647,0.032569850552306684,3,0.04952388533622927
13,3,0.06759891510009766,0.062468647956848145,0.022110909598929227,62,6,0.2,0.5588235294117647,0.032569850552306684,3,0.04952388533622927
13,4,0.054674506187438965,0.04686403274536133,0.020065933912354422,55,6,0.2,0.5588235294117647,0.032569850552306684,3,0.04952388533622927
13,5,0.056236863136291504,0.04686462879180908,0.018745839646112268,57,6,0.2,0.5588235294117647,0.032569850552306684,3,0.04952388533622927
13,6,0.0531125545501709,0.04686391353607178,0.021189838702794204,57,6,0.2,0.5588235294117647,0.032569850552306684,3,0.04952388533622927
13,7,0.05311267375946045,0.04686403274536133,0.02118982112820513,62,6,0.2,0.5588235294117647,0.032569850552306684,3,0.04952388533622927
13,8,0.05335698127746582,0.04686570167541504,0.019284669693480572,62,6,0.2,0.5588235294117647,0.032569850552306684,3,0.04952388533622927
13,9,0.05311620235443115,0.04686391353607178,0.02119568461956065,62,6,0.2,0.5588235294117647,0.032569850552306684,3,0.04952388533622927
13,10,0.05249266624450684,0.04684638977050781,0.021447348172289236,62,6,0.2,0.5588235294117647,0.032569850552306684,3,0.04952388533622927
13,11,0.04842622280120849,0.046863675117492676,0.020307553733727415,62,6,0.2,0.5588235294117647,0.032569850552306684,3,0.04952388533622927
13,12,0.05180699825286865,0.04686307907104492,0.02211328361719756,62,6,0.2,0.5588235294117647,0.032569850552306684,3,0.04952388533622927
13,14,0.05311262607574463,0.04686403274536133,0.017411463415380208,53,6,0.2,0.5588235294117647,0.032569850552306684,3,0.04952388533622927
13,15,0.09685206413269043,0.09372782707214355,0.030291216947742776,60,6,0.2,0.5588235294117647,0.032569850552306684,3,0.04952388533622927
13,16,0.0515505313873291,0.04684412479400635,0.026205729632403692,50,6,0.2,0.5588235294117647,0.032569850552306684,3,0.04952388533622927
13,17,0.04686405658721924,0.03124392032623291,0.02420042090522399,37,6,0.2,0.5588235294117647,0.032569850552306684,3,0.04952388533622927
13,18,0.05182881355285644,0.04686450958251953,0.018494302133553315,56,6,0.2,0.5588235294117647,0.032569850552306684,3,0.04952388533622927
13,19,0.04998812675476074,0.04686319828033447,0.019511800678936785,62,6,0.2,0.5588235294117647,0.032569850552306684,3,0.04952388533622927
14,0,0.048117995262145996,0.046863675117492676,0.01961928226177878,44,5,0.5,0.5428571428571428,0.018497632971317176,3,0.042941669473059156
14,1,0.05155041217803955,0.04686403274536133,0.018549771680401443,53,5,0.5,0.5428571428571428,0.018497632971317176,3,0.042941669473059156
14,2,0.04866867065429688,0.04686427116394043,0.02011457659802217,53,5,0.5,0.5428571428571428,0.018497632971317176,3,0.042941669473059156
14,3,0.04530177116394043,0.031243562698364258,0.02147562085759691,53,5,0.5,0.5428571428571428,0.018497632971317176,3,0.042941669473059156
14,4,0.07966885566711426,0.07029664516448975,0.025620977393945768,53,5,0.5,0.5428571428571428,0.018497632971317176,3,0.042941669473059156
14,5,0.05184228420257568,0.046864867210388184,0.018496296105509607,53,5,0.5,0.5428571428571428,0.018497632971317176,3,0.042941669473059156
14,6,0.05311250686645508,0.04686450958251953,0.012496829056891959,53,5,0.5,0.5428571428571428,0.018497632971317176,3,0.042941669473059156
14,7,0.054674601554870604,0.04686403274536133,0.020066453326674262,53,5,0.5,0.5428571428571428,0.018497632971317176,3,0.042941669473059156
14,8,0.04373986721038818,0.031242966651916504,0.021870197577867748,53,5,0.5,0.5428571428571428,0.018497632971317176,3,0.042941669473059156
14,9,0.04868495464324951,0.04686391353607178,0.016302828021137503,53,5,0.5,0.5428571428571428,0.018497632971317176,3,0.042941669473059156
14,10,0.04842607975006104,0.04686319828033447,0.020317213705198144,53,5,0.5,0.5428571428571428,0.018497632971317176,3,0.042941669473059156
14,11,0.047944045066833495,0.04686284065246582,0.019256129260058808,53,5,0.5,0.5428571428571428,0.018497632971317176,3,0.042941669473059156
14,12,0.05467457771301269,0.04686391353607178,0.020066035704402796,53,5,0.5,0.5428571428571428,0.018497632971317176,3,0.042941669473059156
14,13,0.0531125545501709,0.04686331748962402,0.021187155208802304,53,5,0.5,0.5428571428571428,0.018497632971317176,3,0.042941669473059156
14,15,0.04998822212219238,0.046862006187438965,0.02295919448254861,53,5,0.5,0.5428571428571428,0.018497632971317176,3,0.042941669473059156
14,16,0.05334899425506592,0.04686391353607178,0.021649900366104643,50,5,0.5,0.5428571428571428,0.018497632971317176,3,0.042941669473059156
14,17,0.05155038833618164,0.04686331748962402,0.022147306542985547,37,5,0.5,0.5428571428571428,0.018497632971317176,3,0.042941669473059156
14,18,0.05858502388000488,0.04686462879180908,0.018233303340996404,53,5,0.5,0.5428571428571428,0.018497632971317176,3,0.042941669473059156
14,19,0.05155026912689209,0.04686439037322998,0.018549481200330026,53,5,0.5,0.5428571428571428,0.018497632971317176,3,0.042941669473059156
15,0,0.05155034065246582,0.04686379432678223,0.018558511664416574,44,6,0.4,0.5757575757575758,0.03635825675299359,3,0.049898575432618546
15,1,0.05062267780303955,0.04686403274536133,0.019197037550581757,60,6,0.4,0.5757575757575758,0.03635825675299359,3,0.049898575432618546
15,2,0.05962197780609131,0.04686427116394043,0.022296471714947214,56,6,0.4,0.5757575757575758,0.03635825675299359,3,0.049898575432618546
15,3,0.0640474796295166,0.04686403274536133,0.025621061695682304,60,6,0.4,0.5757575757575758,0.03635825675299359,3,0.049898575432618546
15,4,0.09718568325042724,0.09372889995574951,0.037847676435681966,55,6,0.4,0.5757575757575758,0.03635825675299359,3,0.049898575432618546
15,5,0.05936102867126465,0.04686427116394043,0.021869887630763137,57,6,0.4,0.5757575757575758,0.03635825675299359,3,0.049898575432618546
15,6,0.06092317104339599,0.04690122604370117,0.02147858588515519,57,6,0.4,0.5757575757575758,0.03635825675299359,3,0.049898575432618546
15,7,0.05467469692230224,0.04686427116394043,0.020065840815592022,60,6,0.4,0.5757575757575758,0.03635825675299359,3,0.049898575432618546
15,8,0.0458411693572998,0.031243085861206055,0.024404099087453113,60,6,0.4,0.5757575757575758,0.03635825675299359,3,0.049898575432618546
15,9,0.05467455387115479,0.04686391353607178,0.020065915044778202,60,6,0.4,0.5757575757575758,0.03635825675299359,3,0.049898575432618546
15,10,0.055620121955871585,0.04686415195465088,0.02201234053624591,60,6,0.4,0.5757575757575758,0.03635825675299359,3,0.049898575432618546
15,11,0.07654454708099365,0.05469095706939697,0.03917820308104626,60,6,0.4,0.5757575757575758,0.03635825675299359,3,0.049898575432618546
15,12,0.0624889612197876,0.04688155651092529,0.02420801446353441,60,6,0.4,0.5757575757575758,0.03635825675299359,3,0.049898575432618546
15,13,0.05647456645965576,0.04686391353607178,0.018658477135571557,60,6,0.4,0.5757575757575758,0.03635825675299359,3,0.049898575432618546
15,14,0.054674601554870604,0.04686403274536133,0.020063291183499452,53,6,0.4,0.5757575757575758,0.03635825675299359,3,0.049898575432618546
15,16,0.056236863136291504,0.04686427116394043,0.01874542237760929,50,6,0.4,0.5757575757575758,0.03635825675299359,3,0.049898575432618546
15,17,0.04843049049377442,0.04684555530548096,0.02031475423596217,37,6,0.4,0.5757575757575758,0.03635825675299359,3,0.049898575432618546
15,18,0.05680041313171387,0.04686439037322998,0.018539952777614898,56,6,0.4,0.5757575757575758,0.03635825675299359,3,0.049898575432618546
15,19,0.058459234237670896,0.04686546325683594,0.018263109194228744,60,6,0.4,0.5757575757575758,0.03635825675299359,3,0.049898575432618546
16,0,0.053116011619567874,0.04686331748962402,0.021185771941687075,44,5,0.4,0.5428571428571428,0.018518518518518517,3,0.041943651765914476
16,1,0.0534569263458252,0.04686403274536133,0.019232944585759373,50,5,0.4,0.5428571428571428,0.018518518518518517,3,0.041943651765914476
16,2,0.05155050754547119,0.04686331748962402,0.018545835906789605,50,5,0.4,0.5428571428571428,0.018518518518518517,3,0.041943651765914476
16,3,0.05467469692230224,0.04686427116394043,0.020066033306776667,50,5,0.4,0.5428571428571428,0.018518518518518517,3,0.041943651765914476
16,4,0.05311243534088135,0.046863555908203125,0.021197066615521495,50,5,0.4,0.5428571428571428,0.018518518518518517,3,0.041943651765914476
16,5,0.048325967788696286,0.038535237312316895,0.02345405068774293,50,5,0.4,0.5428571428571428,0.018518518518518517,3,0.041943651765914476
16,6,0.04998960494995117,0.046863436698913574,0.015321808720886164,50,5,0.4,0.5428571428571428,0.018518518518518517,3,0.041943651765914476
16,7,0.04766695499420166,0.046840667724609375,0.017961904140656057,50,5,0.4,0.5428571428571428,0.018518518518518517,3,0.041943651765914476
16,8,0.04686405658721924,0.04686391353607178,0.01711213751689678,50,5,0.4,0.5428571428571428,0.018518518518518517,3,0.041943651765914476
16,9,0.05168592929840088,0.04686331748962402,0.02202557279792505,50,5,0.4,0.5428571428571428,0.018518518518518517,3,0.041943651765914476
16,10,0.046864104270935056,0.03905344009399414,0.020958019351907886,50,5,0.4,0.5428571428571428,0.018518518518518517,3,0.041943651765914476
16,11,0.06492421627044678,0.04686450958251953,0.03657550105290948,50,5,0.4,0.5428571428571428,0.018518518518518517,3,0.041943651765914476
16,12,0.07029602527618409,0.07810640335083008,0.024452968646777522,50,5,0.4,0.5428571428571428,0.018518518518518517,3,0.041943651765914476
16,13,0.0484260082244873,0.04684412479400635,0.02031414261729866,50,5,0.4,0.5428571428571428,0.018518518518518517,3,0.041943651765914476
16,14,0.05184376239776611,0.046863555908203125,0.022707881336113837,50,5,0.4,0.5428571428571428,0.018518518518518517,3,0.041943651765914476
16,15,0.05311250686645508,0.04686415195465088,0.01739490871592828,50,5,0.4,0.5428571428571428,0.018518518518518517,3,0.041943651765914476
16,17,0.04887325763702392,0.039070844650268555,0.02364291780826489,37,5,0.4,0.5428571428571428,0.018518518518518517,3,0.041943651765914476
16,18,0.049988079071044925,0.04686319828033447,0.019512837755930577,50,5,0.4,0.5428571428571428,0.018518518518518517,3,0.041943651765914476
16,19,0.04859018325805664,0.04686391353607178,0.020559878842561455,50,5,0.4,0.5428571428571428,0.018518518518518517,3,0.041943651765914476
17,0,0.04686405658721924,0.04684638977050781,0.01711218721389022,37,3,0.0,0.48717948717948717,0.0158869395711501,3,0.02955371425805812
17,1,0.06457180976867676,0.04686427116394043,0.04061571875627331,37,3,0.0,0.48717948717948717,0.0158869395711501,3,0.02955371425805812
17,2,0.053112578392028806,0.04686427116394043,0.017395225597746436,37,3,0.0,0.48717948717948717,0.0158869395711501,3,0.02955371425805812
17,3,0.045659351348876956,0.03304767608642578,0.02126552364057141,37,3,0.0,0.48717948717948717,0.0158869395711501,3,0.02955371425805812
17,4,0.04373946189880371,0.03124392032623291,0.01821664635015542,37,3,0.0,0.48717948717948717,0.0158869395711501,3,0.02955371425805812
17,5,0.04999196529388428,0.04686462879180908,0.0195187831723028,37,3,0.0,0.48717948717948717,0.0158869395711501,3,0.02955371425805812
17,6,0.048426055908203126,0.04686379432678223,0.020310561369903512,37,3,0.0,0.48717948717948717,0.0158869395711501,3,0.02955371425805812
17,7,0.045952677726745605,0.04077911376953125,0.017896327079057393,37,3,0.0,0.48717948717948717,0.0158869395711501,3,0.02955371425805812
17,8,0.04530189037322998,0.031266212463378906,0.02147607340898041,37,3,0.0,0.48717948717948717,0.0158869395711501,3,0.02955371425805812
17,9,0.045620965957641604,0.03905379772186279,0.018347182780366882,37,3,0.0,0.48717948717948717,0.0158869395711501,3,0.02955371425805812
17,10,0.04686081409454346,0.046848416328430176,0.01711195772111847,37,3,0.0,0.48717948717948717,0.0158869395711501,3,0.02955371425805812
17,11,0.04686403274536133,0.03905355930328369,0.020968347140299815,37,3,0.0,0.48717948717948717,0.0158869395711501,3,0.02955371425805812
17,12,0.046863865852355954,0.04686307907104492,0.017112238201457675,37,3,0.0,0.48717948717948717,0.0158869395711501,3,0.02955371425805812
17,13,0.04447014331817627,0.03489482402801514,0.01785343245849001,37,3,0.0,0.48717948717948717,0.0158869395711501,3,0.02955371425805812
17,14,0.048422813415527344,0.046863675117492676,0.016312675845265155,37,3,0.0,0.48717948717948717,0.0158869395711501,3,0.02955371425805812
17,15,0.04842610359191894,0.03905344009399414,0.023639476878598437,37,3,0.0,0.48717948717948717,0.0158869395711501,3,0.02955371425805812
17,16,0.04842617511749268,0.04686415195465088,0.02031038747879399,37,3,0.0,0.48717948717948717,0.0158869395711501,3,0.02955371425805812
17,18,0.04399991035461426,0.03128170967102051,0.018705088969286087,37,3,0.0,0.48717948717948717,0.0158869395711501,3,0.02955371425805812
17,19,0.05043148994445801,0.04686391353607178,0.019123850026403485,37,3,0.0,0.48717948717948717,0.0158869395711501,3,0.02955371425805812
18,0,0.05125131607055664,0.046845436096191406,0.022785550179677677,44,5,0.3,0.5277777777777778,0.030347860391720043,3,0.04387979863511879
18,1,0.05155038833618164,0.04686331748962402,0.022146953395661324,56,5,0.3,0.5277777777777778,0.030347860391720043,3,0.04387979863511879
18,2,0.05936102867126465,0.04688060283660889,0.024995860194878053,56,5,0.3,0.5277777777777778,0.030347860391720043,3,0.04387979863511879
18,3,0.10464346408843994,0.10934889316558838,0.032792772764764,56,5,0.3,0.5277777777777778,0.030347860391720043,3,0.04387979863511879
18,4,0.06092290878295899,0.04686403274536133,0.021475894871216046,55,5,0.3,0.5277777777777778,0.030347860391720043,3,0.04387979863511879
18,5,0.057798910140991214,0.04686474800109863,0.01854929108591281,56,5,0.3,0.5277777777777778,0.030347860391720043,3,0.04387979863511879
18,6,0.05649235248565674,0.04686391353607178,0.019265651322398367,56,5,0.3,0.5277777777777778,0.030347860391720043,3,0.04387979863511879
18,7,0.05340011119842529,0.04686462879180908,0.02102803445279343,56,5,0.3,0.5277777777777778,0.030347860391720043,3,0.04387979863511879
18,8,0.05467476844787598,0.04686415195465088,0.020066202752241115,56,5,0.3,0.5277777777777778,0.030347860391720043,3,0.04387979863511879
18,9,0.048426151275634766,0.046863675117492676,0.016308904931042072,56,5,0.3,0.5277777777777778,0.030347860391720043,3,0.04387979863511879
18,10,0.04998824596405029,0.04686427116394043,0.015305797158111709,56,5,0.3,0.5277777777777778,0.030347860391720043,3,0.04387979863511879
18,11,0.07029595375061035,0.04686439037322998,0.03713185577164052,56,5,0.3,0.5277777777777778,0.030347860391720043,3,0.04387979863511879
18,12,0.056410598754882815,0.04686474800109863,0.01866618655440437,56,5,0.3,0.5277777777777778,0.030347860391720043,3,0.04387979863511879
18,13,0.05155038833618164,0.04686379432678223,0.018549210145030186,56,5,0.3,0.5277777777777778,0.030347860391720043,3,0.04387979863511879
18,14,0.058954906463623044,0.04686391353607178,0.01859487550964303,53,5,0.3,0.5277777777777778,0.030347860391720043,3,0.04387979863511879
18,15,0.057798910140991214,0.046864867210388184,0.02213623780109548,56,5,0.3,0.5277777777777778,0.030347860391720043,3,0.04387979863511879
18,16,0.04885213375091553,0.04686403274536133,0.016318580460731934,50,5,0.3,0.5277777777777778,0.030347860391720043,3,0.04387979863511879
18,17,0.04373266696929932,0.03124392032623291,0.01820668479106404,37,5,0.3,0.5277777777777778,0.030347860391720043,3,0.04387979863511879
18,19,0.05623681545257568,0.04686415195465088,0.018745625034974407,56,5,0.3,0.5277777777777778,0.030347860391720043,3,0.04387979863511879
19,0,0.053109025955200194,0.04686450958251953,0.021193675369464638,44,7,0.3333333333333333,0.59375,0.037873619233268346,3,0.05665730852018654
19,1,0.05936439037322998,0.04689764976501465,0.01821849742600036,79,7,0.3333333333333333,0.59375,0.037873619233268346,3,0.05665730852018654
19,2,0.06430642604827881,0.06246769428253174,0.020696343599316727,56,7,0.3333333333333333,0.59375,0.037873619233268346,3,0.05665730852018654
19,3,0.057797574996948244,0.04686450958251953,0.018549989634716647,68,7,0.3333333333333333,0.59375,0.037873619233268346,3,0.05665730852018654
19,4,0.04946205615997314,0.046863675117492676,0.01549391318349474,55,7,0.3333333333333333,0.59375,0.037873619233268346,3,0.05665730852018654
19,5,0.04686393737792969,0.03905344009399414,0.020958179279517715,57,7,0.3333333333333333,0.59375,0.037873619233268346,3,0.05665730852018654
19,6,0.05338587760925293,0.04686474800109863,0.020921818083796288,57,7,0.3333333333333333,0.59375,0.037873619233268346,3,0.05665730852018654
19,7,0.06248528957366943,0.04688215255737305,0.022103760519941878,79,7,0.3333333333333333,0.59375,0.037873619233268346,3,0.05665730852018654
19,8,0.06248531341552734,0.05467486381530762,0.0209584991505227,79,7,0.3333333333333333,0.59375,0.037873619233268346,3,0.05665730852018654
19,9,0.06898088455200195,0.062485694885253906,0.03236558324431003,79,7,0.3333333333333333,0.59375,0.037873619233268346,3,0.05665730852018654
19,10,0.09529037475585937,0.1015397310256958,0.033830197450501635,79,7,0.3333333333333333,0.59375,0.037873619233268346,3,0.05665730852018654
19,11,0.05471394062042236,0.04686379432678223,0.020151203594350797,79,7,0.3333333333333333,0.59375,0.037873619233268346,3,0.05665730852018654
19,12,0.04998846054077148,0.04684138298034668,0.022958569427031228,63,7,0.3333333333333333,0.59375,0.037873619233268346,3,0.05665730852018654
19,13,0.049988317489624026,0.04685986042022705,0.022951349688222874,62,7,0.3333333333333333,0.59375,0.037873619233268346,3,0.05665730852018654
19,14,0.05124297142028809,0.04686391353607178,0.018649524596741476,53,7,0.3333333333333333,0.59375,0.037873619233268346,3,0.05665730852018654
19,15,0.05964503288269043,0.0524749755859375,0.01855595318799347,60,7,0.3333333333333333,0.59375,0.037873619233268346,3,0.05665730852018654
19,16,0.046864104270935056,0.03905344009399414,0.02095830366960555,50,7,0.3333333333333333,0.59375,0.037873619233268346,3,0.05665730852018654
19,17,0.049988293647766115,0.04686391353607178,0.019513508238008234,37,7,0.3333333333333333,0.59375,0.037873619233268346,3,0.05665730852018654
19,18,0.07654457092285157,0.0624852180480957,0.04040448168496066,56,7,0.3333333333333333,0.59375,0.037873619233268346,3,0.05665730852018654
