Datos del Grafo 1: Fuentes y sumideros que maximizan el flujo,,,,,,,,,,,
Fuente,Sumidero,Mediatime,Medianatime,Stdtime,Flujomaximo,DistGrado,CoefAgrup,CentCercania,CentCarga,ExcentCarga,PageR
7,10,0.053112602,0.046865344,0.021189333,59,5,0.3,0.5,0.084795322,3,0.059060466
10,7,0.053113341,0.046866894,0.017384599,59,5,0.2,0.513513514,0.162646199,3,0.06094301
2,7,0.048426533,0.046863198,0.020308722,56,5,0.2,0.487179487,0.132919103,3,0.060195216
2,10,0.059212708,0.046887994,0.017935117,56,5,0.2,0.487179487,0.132919103,3,0.060195216
7,2,0.049988866,0.046862841,0.019507781,56,5,0.3,0.5,0.084795322,3,0.059060466
10,2,0.112476587,0.101538181,0.041796201,56,5,0.2,0.513513514,0.162646199,3,0.06094301
2,5,0.043740177,0.031281829,0.018198155,51,5,0.2,0.487179487,0.132919103,3,0.060195216
5,2,0.048422861,0.046821952,0.020307273,51,5,0.1,0.5,0.153630604,3,0.062038288
5,7,0.0437392,0.031242847,0.018225618,51,5,0.1,0.5,0.153630604,3,0.062038288
5,10,0.043739438,0.031248689,0.018215252,51,5,0.1,0.5,0.153630604,3,0.062038288
7,5,0.045599747,0.032433271,0.021346248,51,5,0.3,0.5,0.084795322,3,0.059060466
10,5,0.045298862,0.039052725,0.017746674,51,5,0.2,0.513513514,0.162646199,3,0.06094301
,,,,,,,,,,,
,,,,,,,,,,,
,,,,,,,,,,,
,,,,,,,,,,,
,,,,,,,,,,,
,,,,,,,,,,,
,,,,,,,,,,,
,,,,,,,,,,,
,,,,,,,,,,,
,,,,,,,,,,,
,,,,,,,,,,,
,,,,,,,,,,,
,,,,,,,,,,,
,,,,,,,,,,,
,,,,,,,,,,,
,,,,,,,,,,,
,,,,,,,,,,,
,,,,,,,,,,,
,,,,,,,,,,,
,,,,,,,,,,,
,,,,,,,,,,,
,,,,,,,,,,,
,,,,,,,,,,,
,,,,,,,,,,,
,,,,,,,,,,,
,,,,,,,,,,,
,,,,,,,,,,,
,,,,,,,,,,,
,,,,,,,,,,,
,,,,,,,,,,,
,,,,,,,,,,,
,,,,,,,,,,,
,,,,,,,,,,,
,,,,,,,,,,,
,,,,,,,,,,,
,,,,,,,,,,,
,,,,,,,,,,,
,,,,,,,,,,,
,,,,,,,,,,,
6,10,0.045302391,0.039070368,0.017733213,48,4,0.5,0.452380952,0.024975634,3,0.048591383
6,11,0.051553512,0.046856284,0.022140818,48,4,0.5,0.452380952,0.024975634,3,0.048591383
7,6,0.043739986,0.03124392,0.018219108,48,5,0.3,0.5,0.084795322,3,0.059060466
10,6,0.048429132,0.046856046,0.016318201,48,5,0.2,0.513513514,0.162646199,3,0.06094301
11,6,0.052830791,0.046862006,0.018046414,48,4,0.333333333,0.452380952,0.046539961,4,0.048802937
2,15,0.054674387,0.046867013,0.020065763,46,5,0.2,0.487179487,0.132919103,3,0.060195216
2,18,0.04541862,0.039052963,0.017757755,46,5,0.2,0.487179487,0.132919103,3,0.060195216
3,15,0.061056638,0.054694057,0.017742014,46,4,0.333333333,0.441860465,0.060550682,4,0.049679565
3,18,0.056555653,0.046870828,0.020618714,46,4,0.333333333,0.441860465,0.060550682,4,0.049679565
4,15,0.057799006,0.046864986,0.022154544,46,5,0.2,0.5,0.130482456,3,0.059646852
4,18,0.056235909,0.046869755,0.020001924,46,5,0.2,0.5,0.130482456,3,0.059646852
5,15,0.057798576,0.046866298,0.018561045,46,5,0.1,0.5,0.153630604,3,0.062038288
5,18,0.054674911,0.04686892,0.02005812,46,5,0.1,0.5,0.153630604,3,0.062038288
6,15,0.054671645,0.046865702,0.024452861,46,4,0.5,0.452380952,0.024975634,3,0.048591383
6,18,0.060922885,0.054682493,0.017739549,46,4,0.5,0.452380952,0.024975634,3,0.048591383
7,15,0.045302248,0.039055943,0.017740231,46,5,0.3,0.5,0.084795322,3,0.059060466
7,18,0.049583936,0.046862125,0.015430366,46,5,0.3,0.5,0.084795322,3,0.059060466
10,15,0.045299911,0.039054871,0.01774809,46,5,0.2,0.513513514,0.162646199,3,0.06094301
10,18,0.051810694,0.04685843,0.022098784,46,5,0.2,0.513513514,0.162646199,3,0.06094301
11,15,0.059360933,0.046879172,0.020718198,46,4,0.333333333,0.452380952,0.046539961,4,0.048802937
11,18,0.043800473,0.031523108,0.018183663,46,4,0.333333333,0.452380952,0.046539961,4,0.048802937
15,2,0.057127905,0.046865225,0.017321224,46,4,0.333333333,0.431818182,0.078216374,4,0.051899849
15,3,0.060922217,0.046903729,0.021468843,46,4,0.333333333,0.431818182,0.078216374,4,0.051899849
15,4,0.05779891,0.046882391,0.018541789,46,4,0.333333333,0.431818182,0.078216374,4,0.051899849
15,5,0.058056498,0.046885014,0.018413053,46,4,0.333333333,0.431818182,0.078216374,4,0.051899849
15,6,0.062481642,0.054692745,0.020951437,46,4,0.333333333,0.431818182,0.078216374,4,0.051899849
15,7,0.049992132,0.046859503,0.019518217,46,4,0.333333333,0.431818182,0.078216374,4,0.051899849
15,10,0.04374311,0.031244159,0.021877627,46,4,0.333333333,0.431818182,0.078216374,4,0.051899849
15,11,0.047213864,0.03905499,0.021496904,46,4,0.333333333,0.431818182,0.078216374,4,0.051899849
15,18,0.054181767,0.046869755,0.021918672,46,4,0.333333333,0.431818182,0.078216374,4,0.051899849
18,2,0.050297618,0.046871185,0.020450501,46,4,0.333333333,0.431818182,0.043128655,4,0.049682378
18,3,0.056237173,0.046869278,0.018741575,46,4,0.333333333,0.431818182,0.043128655,4,0.049682378
18,4,0.054059124,0.046863317,0.023107513,46,4,0.333333333,0.431818182,0.043128655,4,0.049682378
18,5,0.059361124,0.046865821,0.018229678,46,4,0.333333333,0.431818182,0.043128655,4,0.049682378
18,6,0.053112459,0.046866179,0.021191209,46,4,0.333333333,0.431818182,0.043128655,4,0.049682378
18,7,0.049987864,0.046846986,0.022947786,46,4,0.333333333,0.431818182,0.043128655,4,0.049682378
18,10,0.056240487,0.04688096,0.020015253,46,4,0.333333333,0.431818182,0.043128655,4,0.049682378
18,11,0.04373951,0.031262517,0.018217376,46,4,0.333333333,0.431818182,0.043128655,4,0.049682378
18,15,0.056236291,0.046875358,0.018745248,46,4,0.333333333,0.431818182,0.043128655,4,0.049682378
2,19,0.049988461,0.046854377,0.020727653,45,5,0.2,0.487179487,0.132919103,3,0.060195216
3,19,0.046863532,0.039060354,0.020952115,45,4,0.333333333,0.441860465,0.060550682,4,0.049679565
4,19,0.04710393,0.03243947,0.024054382,45,5,0.2,0.5,0.130482456,3,0.059646852
5,19,0.051549768,0.046860337,0.01856238,45,5,0.1,0.5,0.153630604,3,0.062038288
6,19,0.051684237,0.046865821,0.022123499,45,4,0.5,0.452380952,0.024975634,3,0.048591383
7,19,0.056233501,0.046862245,0.024402869,45,5,0.3,0.5,0.084795322,3,0.059060466
10,19,0.043739533,0.03125298,0.018219135,45,5,0.2,0.513513514,0.162646199,3,0.06094301
11,19,0.039053392,0.031242371,0.020063757,45,4,0.333333333,0.452380952,0.046539961,4,0.048802937
15,19,0.057798982,0.046886325,0.022134763,45,4,0.333333333,0.431818182,0.078216374,4,0.051899849
18,19,0.040936708,0.031253934,0.018610386,45,4,0.333333333,0.431818182,0.043128655,4,0.049682378
19,2,0.046865249,0.03125298,0.024197021,45,4,0.5,0.452380952,0.040692008,3,0.049278739
19,3,0.047001004,0.046862721,0.01699499,45,4,0.5,0.452380952,0.040692008,3,0.049278739
19,4,0.050004554,0.046863675,0.019538283,45,4,0.5,0.452380952,0.040692008,3,0.049278739
19,5,0.051550698,0.046861529,0.018544963,45,4,0.5,0.452380952,0.040692008,3,0.049278739
19,6,0.04998827,0.046858668,0.019513883,45,4,0.5,0.452380952,0.040692008,3,0.049278739
19,7,0.04458375,0.031267047,0.019911203,45,4,0.5,0.452380952,0.040692008,3,0.049278739
19,10,0.042174053,0.031245828,0.018544504,45,4,0.5,0.452380952,0.040692008,3,0.049278739
19,11,0.051860976,0.039051056,0.029141234,45,4,0.5,0.452380952,0.040692008,3,0.049278739
19,15,0.056237578,0.046866417,0.018747877,45,4,0.5,0.452380952,0.040692008,3,0.049278739
19,18,0.037487936,0.031244397,0.017393161,45,4,0.5,0.452380952,0.040692008,3,0.049278739
1,2,0.043740392,0.031253934,0.02186924,44,4,0.5,0.452380952,0.034478558,3,0.049420697
1,3,0.034367204,0.031239271,0.019513107,44,4,0.5,0.452380952,0.034478558,3,0.049420697
1,4,0.042431378,0.031248093,0.015895369,44,4,0.5,0.452380952,0.034478558,3,0.049420697
1,5,0.045302343,0.039053559,0.017748869,44,4,0.5,0.452380952,0.034478558,3,0.049420697
1,6,0.049987721,0.046880722,0.015317847,44,4,0.5,0.452380952,0.034478558,3,0.049420697
1,7,0.049989843,0.046848416,0.022957371,44,4,0.5,0.452380952,0.034478558,3,0.049420697
1,9,0.048425794,0.046852231,0.020310106,44,4,0.5,0.452380952,0.034478558,3,0.049420697
1,10,0.053112602,0.046865106,0.017397681,44,4,0.5,0.452380952,0.034478558,3,0.049420697
1,11,0.043737745,0.031259656,0.018219364,44,4,0.5,0.452380952,0.034478558,3,0.049420697
1,15,0.0609236,0.046882391,0.021467349,44,4,0.5,0.452380952,0.034478558,3,0.049420697
1,18,0.054675078,0.046869159,0.020055897,44,4,0.5,0.452380952,0.034478558,3,0.049420697
1,19,0.048422623,0.046846032,0.020310199,44,4,0.5,0.452380952,0.034478558,3,0.049420697
2,1,0.043740177,0.031260729,0.021869929,44,5,0.2,0.487179487,0.132919103,3,0.060195216
2,9,0.043738699,0.031262875,0.018207258,44,5,0.2,0.487179487,0.132919103,3,0.060195216
3,1,0.035929322,0.031236649,0.022150579,44,4,0.333333333,0.441860465,0.060550682,4,0.049679565
3,9,0.046863484,0.046854973,0.017102601,44,4,0.333333333,0.441860465,0.060550682,4,0.049679565
4,1,0.042177486,0.031247854,0.018550799,44,5,0.2,0.5,0.130482456,3,0.059646852
4,9,0.043739581,0.031242728,0.018223414,44,5,0.2,0.5,0.130482456,3,0.059646852
5,1,0.046864009,0.046849608,0.017108369,44,5,0.1,0.5,0.153630604,3,0.062038288
5,9,0.041959715,0.031237841,0.018690652,44,5,0.1,0.5,0.153630604,3,0.062038288
6,1,0.048202085,0.046862006,0.016346054,44,4,0.5,0.452380952,0.024975634,3,0.048591383
6,9,0.032959628,0.024184823,0.023536735,44,4,0.5,0.452380952,0.024975634,3,0.048591383
7,1,0.042176914,0.031244516,0.018550267,44,5,0.3,0.5,0.084795322,3,0.059060466
7,9,0.037491274,0.031242967,0.017404738,44,5,0.3,0.5,0.084795322,3,0.059060466
9,1,0.050604677,0.046861768,0.024776143,44,4,0.5,0.463414634,0.030945419,3,0.048772921
9,2,0.045304322,0.031257749,0.021484161,44,4,0.5,0.463414634,0.030945419,3,0.048772921
9,3,0.046861696,0.046849012,0.017115571,44,4,0.5,0.463414634,0.030945419,3,0.048772921
9,4,0.046863866,0.046848297,0.017108223,44,4,0.5,0.463414634,0.030945419,3,0.048772921
9,5,0.042178321,0.031244874,0.01854833,44,4,0.5,0.463414634,0.030945419,3,0.048772921
9,6,0.034617019,0.03123951,0.019887791,44,4,0.5,0.463414634,0.030945419,3,0.048772921
9,7,0.039053273,0.031245351,0.020070224,44,4,0.5,0.463414634,0.030945419,3,0.048772921
9,10,0.040614867,0.031238437,0.018754894,44,4,0.5,0.463414634,0.030945419,3,0.048772921
9,11,0.048978615,0.046869636,0.017349988,44,4,0.5,0.463414634,0.030945419,3,0.048772921
9,15,0.054248357,0.046859741,0.024621126,44,4,0.5,0.463414634,0.030945419,3,0.048772921
9,18,0.051550341,0.046863914,0.022145269,44,4,0.5,0.463414634,0.030945419,3,0.048772921
9,19,0.057798958,0.046872377,0.018549217,44,4,0.5,0.463414634,0.030945419,3,0.048772921
10,1,0.064286065,0.061332345,0.019786906,44,5,0.2,0.513513514,0.162646199,3,0.06094301
10,9,0.04061389,0.031243324,0.018746258,44,5,0.2,0.513513514,0.162646199,3,0.06094301
11,1,0.043739319,0.031276107,0.018210684,44,4,0.333333333,0.452380952,0.046539961,4,0.048802937
11,9,0.048426509,0.046861649,0.016313673,44,4,0.333333333,0.452380952,0.046539961,4,0.048802937
15,1,0.064047623,0.054691195,0.023645691,44,4,0.333333333,0.431818182,0.078216374,4,0.051899849
15,9,0.053818417,0.046866179,0.020892897,44,4,0.333333333,0.431818182,0.078216374,4,0.051899849
18,1,0.08279736,0.070311904,0.02798469,44,4,0.333333333,0.431818182,0.043128655,4,0.049682378
18,9,0.060054135,0.046865225,0.036068173,44,4,0.333333333,0.431818182,0.043128655,4,0.049682378
19,1,0.054056954,0.04686439,0.018923762,44,4,0.5,0.452380952,0.040692008,3,0.049278739
19,9,0.054673815,0.046864867,0.016008496,44,4,0.5,0.452380952,0.040692008,3,0.049278739
1,8,0.056526756,0.046865344,0.019338462,42,4,0.5,0.452380952,0.034478558,3,0.049420697
1,14,0.049988031,0.046864152,0.022951047,42,4,0.5,0.452380952,0.034478558,3,0.049420697
1,17,0.065608668,0.054697514,0.023989089,42,4,0.5,0.452380952,0.034478558,3,0.049420697
2,8,0.047134852,0.039057374,0.02157047,42,5,0.2,0.487179487,0.132919103,3,0.060195216
2,14,0.042724156,0.031246066,0.018298619,42,5,0.2,0.487179487,0.132919103,3,0.060195216
2,17,0.053111887,0.04686451,0.021181462,42,5,0.2,0.487179487,0.132919103,3,0.060195216
3,8,0.054674673,0.046863675,0.016010209,42,4,0.333333333,0.441860465,0.060550682,4,0.049679565
3,14,0.048411965,0.046869516,0.013876238,42,4,0.333333333,0.441860465,0.060550682,4,0.049679565
3,17,0.057799768,0.046898246,0.018543404,42,4,0.333333333,0.441860465,0.060550682,4,0.049679565
4,8,0.053112221,0.046863079,0.021180743,42,5,0.2,0.5,0.130482456,3,0.059646852
4,14,0.05467577,0.046864867,0.023433053,42,5,0.2,0.5,0.130482456,3,0.059646852
4,17,0.057799935,0.046886325,0.018548893,42,5,0.2,0.5,0.130482456,3,0.059646852
5,8,0.046865225,0.039070606,0.020940181,42,5,0.1,0.5,0.153630604,3,0.062038288
5,14,0.050163031,0.046867132,0.015629134,42,5,0.1,0.5,0.153630604,3,0.062038288
5,17,0.054946566,0.04686749,0.019766421,42,5,0.1,0.5,0.153630604,3,0.062038288
6,8,0.048426723,0.046842456,0.020307338,42,4,0.5,0.452380952,0.024975634,3,0.048591383
6,14,0.048206306,0.046859622,0.020516033,42,4,0.5,0.452380952,0.024975634,3,0.048591383
6,17,0.061225533,0.054697275,0.018308909,42,4,0.5,0.452380952,0.024975634,3,0.048591383
7,8,0.040614605,0.031245947,0.018737321,42,5,0.3,0.5,0.084795322,3,0.059060466
7,14,0.042177606,0.031247258,0.018550282,42,5,0.3,0.5,0.084795322,3,0.059060466
7,17,0.043739343,0.031246781,0.018226342,42,5,0.3,0.5,0.084795322,3,0.059060466
8,1,0.054674673,0.046864271,0.020066184,42,4,0.166666667,0.452380952,0.100389864,4,0.050460546
8,2,0.050435209,0.046859741,0.023430361,42,4,0.166666667,0.452380952,0.100389864,4,0.050460546
8,3,0.054677701,0.046868563,0.016001785,42,4,0.166666667,0.452380952,0.100389864,4,0.050460546
8,4,0.053112793,0.046873093,0.017384004,42,4,0.166666667,0.452380952,0.100389864,4,0.050460546
8,5,0.046864319,0.031244755,0.024202457,42,4,0.166666667,0.452380952,0.100389864,4,0.050460546
8,6,0.047043633,0.046867371,0.017128777,42,4,0.166666667,0.452380952,0.100389864,4,0.050460546
8,7,0.042176628,0.031247377,0.018540074,42,4,0.166666667,0.452380952,0.100389864,4,0.050460546
8,9,0.05935812,0.046870232,0.021860606,42,4,0.166666667,0.452380952,0.100389864,4,0.050460546
8,10,0.058060002,0.048170328,0.031200868,42,4,0.166666667,0.452380952,0.100389864,4,0.050460546
8,11,0.0437428,0.031263709,0.021858758,42,4,0.166666667,0.452380952,0.100389864,4,0.050460546
8,14,0.054923248,0.046880484,0.025351403,42,4,0.166666667,0.452380952,0.100389864,4,0.050460546
8,15,0.050366569,0.046864152,0.022674697,42,4,0.166666667,0.452380952,0.100389864,4,0.050460546
8,17,0.042177892,0.031251907,0.018554238,42,4,0.166666667,0.452380952,0.100389864,4,0.050460546
8,18,0.051550651,0.046881676,0.018539445,42,4,0.166666667,0.452380952,0.100389864,4,0.050460546
8,19,0.056421018,0.046868682,0.019116263,42,4,0.166666667,0.452380952,0.100389864,4,0.050460546
9,8,0.056237507,0.046868801,0.0187379,42,4,0.5,0.463414634,0.030945419,3,0.048772921
9,14,0.054675198,0.046865463,0.020076399,42,4,0.5,0.463414634,0.030945419,3,0.048772921
9,17,0.056501126,0.046867728,0.019280887,42,4,0.5,0.463414634,0.030945419,3,0.048772921
10,8,0.043740559,0.031263351,0.018223105,42,5,0.2,0.513513514,0.162646199,3,0.06094301
10,14,0.043742657,0.031275153,0.018227689,42,5,0.2,0.513513514,0.162646199,3,0.06094301
10,17,0.045301414,0.039057016,0.017748786,42,5,0.2,0.513513514,0.162646199,3,0.06094301
11,8,0.043739009,0.03126502,0.018214676,42,4,0.333333333,0.452380952,0.046539961,4,0.048802937
11,14,0.042178082,0.031242967,0.022149246,42,4,0.333333333,0.452380952,0.046539961,4,0.048802937
11,17,0.04841361,0.045566201,0.020328738,42,4,0.333333333,0.452380952,0.046539961,4,0.048802937
14,1,0.051549888,0.046861768,0.018550481,42,4,0.166666667,0.475,0.102826511,3,0.049965649
14,2,0.04374125,0.031252623,0.018218549,42,4,0.166666667,0.475,0.102826511,3,0.049965649
14,3,0.048425031,0.046860695,0.020309322,42,4,0.166666667,0.475,0.102826511,3,0.049965649
14,4,0.051810408,0.046865106,0.018496514,42,4,0.166666667,0.475,0.102826511,3,0.049965649
14,5,0.049987459,0.04686594,0.015305866,42,4,0.166666667,0.475,0.102826511,3,0.049965649
14,6,0.048961616,0.039054155,0.023659833,42,4,0.166666667,0.475,0.102826511,3,0.049965649
14,7,0.042180896,0.031245708,0.018553973,42,4,0.166666667,0.475,0.102826511,3,0.049965649
14,8,0.051547384,0.046854138,0.018560521,42,4,0.166666667,0.475,0.102826511,3,0.049965649
14,9,0.050966859,0.04686439,0.018784634,42,4,0.166666667,0.475,0.102826511,3,0.049965649
14,10,0.043740392,0.031277895,0.021863276,42,4,0.166666667,0.475,0.102826511,3,0.049965649
14,11,0.043736219,0.031265855,0.01820649,42,4,0.166666667,0.475,0.102826511,3,0.049965649
14,15,0.049988317,0.046845913,0.022958689,42,4,0.166666667,0.475,0.102826511,3,0.049965649
14,17,0.051547456,0.046846986,0.022149432,42,4,0.166666667,0.475,0.102826511,3,0.049965649
14,18,0.062488437,0.054674149,0.029636226,42,4,0.166666667,0.475,0.102826511,3,0.049965649
14,19,0.040615702,0.031258464,0.019999913,42,4,0.166666667,0.475,0.102826511,3,0.049965649
15,8,0.046921682,0.031243205,0.024325424,42,4,0.333333333,0.431818182,0.078216374,4,0.051899849
15,14,0.049987793,0.04685545,0.019512101,42,4,0.333333333,0.431818182,0.078216374,4,0.051899849
15,17,0.046999192,0.036901593,0.02063399,42,4,0.333333333,0.431818182,0.078216374,4,0.051899849
17,1,0.058291578,0.046867371,0.019535313,42,4,0.333333333,0.431818182,0.053057992,4,0.051242201
17,2,0.05314889,0.046884179,0.021168437,42,4,0.333333333,0.431818182,0.053057992,4,0.051242201
17,3,0.05798254,0.046883583,0.018445599,42,4,0.333333333,0.431818182,0.053057992,4,0.051242201
17,4,0.05467217,0.04686749,0.021252491,42,4,0.333333333,0.431818182,0.053057992,4,0.051242201
17,5,0.054677486,0.046868205,0.020065185,42,4,0.333333333,0.431818182,0.053057992,4,0.051242201
17,6,0.060924578,0.054689884,0.01774181,42,4,0.333333333,0.431818182,0.053057992,4,0.051242201
17,7,0.044001102,0.031247497,0.018281826,42,4,0.333333333,0.431818182,0.053057992,4,0.051242201
17,8,0.04217813,0.031243205,0.018562519,42,4,0.333333333,0.431818182,0.053057992,4,0.051242201
17,9,0.059361124,0.046877265,0.018218142,42,4,0.333333333,0.431818182,0.053057992,4,0.051242201
17,10,0.045301819,0.039068818,0.01774066,42,4,0.333333333,0.431818182,0.053057992,4,0.051242201
17,11,0.042428041,0.031261086,0.016038006,42,4,0.333333333,0.431818182,0.053057992,4,0.051242201
17,14,0.053112888,0.046864271,0.017395757,42,4,0.333333333,0.431818182,0.053057992,4,0.051242201
17,15,0.048671913,0.039055467,0.024113125,42,4,0.333333333,0.431818182,0.053057992,4,0.051242201
17,18,0.054674053,0.046867132,0.021245755,42,4,0.333333333,0.431818182,0.053057992,4,0.051242201
17,19,0.053112531,0.046866179,0.017393408,42,4,0.333333333,0.431818182,0.053057992,4,0.051242201
18,8,0.05176034,0.046862245,0.021957766,42,4,0.333333333,0.431818182,0.043128655,4,0.049682378
18,14,0.041086364,0.03124845,0.018563177,42,4,0.333333333,0.431818182,0.043128655,4,0.049682378
18,17,0.054671288,0.046868682,0.01599941,42,4,0.333333333,0.431818182,0.043128655,4,0.049682378
19,8,0.054674578,0.046866179,0.02006201,42,4,0.5,0.452380952,0.040692008,3,0.049278739
19,14,0.040619016,0.031246662,0.018743935,42,4,0.5,0.452380952,0.040692008,3,0.049278739
19,17,0.054674339,0.046863437,0.020066648,42,4,0.5,0.452380952,0.040692008,3,0.049278739
1,16,0.049774313,0.04686749,0.015361713,34,4,0.5,0.452380952,0.034478558,3,0.049420697
2,16,0.040615702,0.031261325,0.018737265,34,5,0.2,0.487179487,0.132919103,3,0.060195216
3,16,0.054674172,0.046860218,0.020070835,34,4,0.333333333,0.441860465,0.060550682,4,0.049679565
4,16,0.055105305,0.046882629,0.019926426,34,5,0.2,0.5,0.130482456,3,0.059646852
5,16,0.051550817,0.046847701,0.022146975,34,5,0.1,0.5,0.153630604,3,0.062038288
6,16,0.060919476,0.046868324,0.024643558,34,4,0.5,0.452380952,0.024975634,3,0.048591383
7,16,0.042446756,0.039054155,0.012660036,34,5,0.3,0.5,0.084795322,3,0.059060466
8,16,0.03749094,0.031242609,0.021189702,34,4,0.166666667,0.452380952,0.100389864,4,0.050460546
9,16,0.053474188,0.046865463,0.017839166,34,4,0.5,0.463414634,0.030945419,3,0.048772921
10,16,0.043742251,0.031262398,0.018219074,34,5,0.2,0.513513514,0.162646199,3,0.06094301
11,16,0.042174411,0.031247497,0.018549292,34,4,0.333333333,0.452380952,0.046539961,4,0.048802937
14,16,0.040908957,0.031262398,0.018611252,34,4,0.166666667,0.475,0.102826511,3,0.049965649
15,16,0.042177391,0.031243801,0.01855625,34,4,0.333333333,0.431818182,0.078216374,4,0.051899849
16,1,0.053140283,0.046882987,0.021172064,34,3,0.666666667,0.404255319,0.014680799,4,0.040140642
16,2,0.043736362,0.031245708,0.024987637,34,3,0.666666667,0.404255319,0.014680799,4,0.040140642
16,3,0.059364486,0.046895981,0.021856088,34,3,0.666666667,0.404255319,0.014680799,4,0.040140642
16,4,0.057022738,0.046864033,0.018502656,34,3,0.666666667,0.404255319,0.014680799,4,0.040140642
16,5,0.054674935,0.046876073,0.016009247,34,3,0.666666667,0.404255319,0.014680799,4,0.040140642
16,6,0.05467124,0.04686892,0.016006878,34,3,0.666666667,0.404255319,0.014680799,4,0.040140642
16,7,0.043739653,0.031260729,0.018217974,34,3,0.666666667,0.404255319,0.014680799,4,0.040140642
16,8,0.053441596,0.046864271,0.025155288,34,3,0.666666667,0.404255319,0.014680799,4,0.040140642
16,9,0.055494976,0.04688108,0.024128872,34,3,0.666666667,0.404255319,0.014680799,4,0.040140642
16,10,0.04169836,0.031246424,0.017656596,34,3,0.666666667,0.404255319,0.014680799,4,0.040140642
16,11,0.04217658,0.031245351,0.021016496,34,3,0.666666667,0.404255319,0.014680799,4,0.040140642
16,14,0.048654366,0.046865582,0.020812706,34,3,0.666666667,0.404255319,0.014680799,4,0.040140642
16,15,0.040613747,0.031244636,0.018742814,34,3,0.666666667,0.404255319,0.014680799,4,0.040140642
16,17,0.031242681,0.031242728,0.017115704,34,3,0.666666667,0.404255319,0.014680799,4,0.040140642
16,18,0.046410775,0.043549061,0.017059031,34,3,0.666666667,0.404255319,0.014680799,4,0.040140642
16,19,0.046860862,0.031252861,0.029630425,34,3,0.666666667,0.404255319,0.014680799,4,0.040140642
17,16,0.034370375,0.03124094,0.02294575,34,4,0.333333333,0.431818182,0.053057992,4,0.051242201
18,16,0.049988365,0.046842098,0.022959484,34,4,0.333333333,0.431818182,0.043128655,4,0.049682378
19,16,0.043738937,0.031244159,0.018222575,34,4,0.5,0.452380952,0.040692008,3,0.049278739
0,1,0.024994731,0.023436069,0.010363044,33,3,0.666666667,0.395833333,0.009624756,4,0.038791492
0,2,0.04715097,0.040477872,0.020766983,33,3,0.666666667,0.395833333,0.009624756,4,0.038791492
0,3,0.04373982,0.031242967,0.021870412,33,3,0.666666667,0.395833333,0.009624756,4,0.038791492
0,4,0.040615344,0.031243086,0.02001563,33,3,0.666666667,0.395833333,0.009624756,4,0.038791492
0,5,0.039566684,0.031261563,0.013580074,33,3,0.666666667,0.395833333,0.009624756,4,0.038791492
0,6,0.040611887,0.031243443,0.023373783,33,3,0.666666667,0.395833333,0.009624756,4,0.038791492
0,7,0.042961335,0.033261061,0.019145109,33,3,0.666666667,0.395833333,0.009624756,4,0.038791492
0,8,0.046784377,0.039056778,0.020778402,33,3,0.666666667,0.395833333,0.009624756,4,0.038791492
0,9,0.04061482,0.031242967,0.01874639,33,3,0.666666667,0.395833333,0.009624756,4,0.038791492
0,10,0.040615368,0.031242609,0.018748917,33,3,0.666666667,0.395833333,0.009624756,4,0.038791492
0,11,0.03593061,0.031249046,0.022139076,33,3,0.666666667,0.395833333,0.009624756,4,0.038791492
0,13,0.054674649,0.046869993,0.021232157,33,3,0.666666667,0.395833333,0.009624756,4,0.038791492
0,14,0.041014814,0.031279445,0.015746104,33,3,0.666666667,0.395833333,0.009624756,4,0.038791492
0,15,0.048425055,0.046852112,0.020297047,33,3,0.666666667,0.395833333,0.009624756,4,0.038791492
0,16,0.054674745,0.046865106,0.016007033,33,3,0.666666667,0.395833333,0.009624756,4,0.038791492
0,17,0.051550627,0.046862364,0.014057593,33,3,0.666666667,0.395833333,0.009624756,4,0.038791492
0,18,0.039275646,0.031246662,0.015912717,33,3,0.666666667,0.395833333,0.009624756,4,0.038791492
0,19,0.040616488,0.031247735,0.018746275,33,3,0.666666667,0.395833333,0.009624756,4,0.038791492
1,0,0.029680419,0.015621185,0.021479425,33,4,0.5,0.452380952,0.034478558,3,0.049420697
1,13,0.047105503,0.046852112,0.01712062,33,4,0.5,0.452380952,0.034478558,3,0.049420697
2,0,0.036112666,0.031242371,0.018513239,33,5,0.2,0.487179487,0.132919103,3,0.060195216
2,13,0.042178273,0.031253695,0.018545313,33,5,0.2,0.487179487,0.132919103,3,0.060195216
3,0,0.039056277,0.031243086,0.025426981,33,4,0.333333333,0.441860465,0.060550682,4,0.049679565
3,13,0.056237388,0.039056063,0.037756861,33,4,0.333333333,0.441860465,0.060550682,4,0.049679565
4,0,0.035929108,0.031242371,0.018554422,33,5,0.2,0.5,0.130482456,3,0.059646852
4,13,0.048421884,0.046863317,0.017729201,33,5,0.2,0.5,0.130482456,3,0.059646852
5,0,0.03905375,0.031243682,0.01601004,33,5,0.1,0.5,0.153630604,3,0.062038288
5,13,0.039053488,0.031245589,0.020063425,33,5,0.1,0.5,0.153630604,3,0.062038288
6,0,0.039053249,0.031253576,0.016003686,33,4,0.5,0.452380952,0.024975634,3,0.048591383
6,13,0.039053416,0.031242609,0.017460963,33,4,0.5,0.452380952,0.024975634,3,0.048591383
7,0,0.04217813,0.031245828,0.018547401,33,5,0.3,0.5,0.084795322,3,0.059060466
7,13,0.03749125,0.031245947,0.017393875,33,5,0.3,0.5,0.084795322,3,0.059060466
8,0,0.046863937,0.046863437,0.017112478,33,4,0.166666667,0.452380952,0.100389864,4,0.050460546
8,13,0.041666222,0.031245112,0.018910178,33,4,0.166666667,0.452380952,0.100389864,4,0.050460546
9,0,0.041326499,0.031242967,0.018512095,33,4,0.5,0.463414634,0.030945419,3,0.048772921
9,13,0.054674363,0.046863794,0.027285294,33,4,0.5,0.463414634,0.030945419,3,0.048772921
10,0,0.040615225,0.031242609,0.01874631,33,5,0.2,0.513513514,0.162646199,3,0.06094301
10,13,0.032936764,0.03122592,0.020297167,33,5,0.2,0.513513514,0.162646199,3,0.06094301
11,0,0.042179871,0.031253457,0.018548725,33,4,0.333333333,0.452380952,0.046539961,4,0.048802937
11,13,0.039287019,0.031241655,0.020526686,33,4,0.333333333,0.452380952,0.046539961,4,0.048802937
13,0,0.05311203,0.046865582,0.021181702,33,3,0.333333333,0.413043478,0.03667154,4,0.041563554
13,1,0.049987745,0.046856284,0.02296033,33,3,0.333333333,0.413043478,0.03667154,4,0.041563554
13,2,0.051547146,0.046843171,0.021016092,33,3,0.333333333,0.413043478,0.03667154,4,0.041563554
13,3,0.049991822,0.039073586,0.028632555,33,3,0.333333333,0.413043478,0.03667154,4,0.041563554
13,4,0.040614963,0.031243563,0.01874584,33,3,0.333333333,0.413043478,0.03667154,4,0.041563554
13,5,0.039055443,0.031245947,0.016009203,33,3,0.333333333,0.413043478,0.03667154,4,0.041563554
13,6,0.037490034,0.031243563,0.021187281,33,3,0.333333333,0.413043478,0.03667154,4,0.041563554
13,7,0.03905282,0.031240702,0.0160131,33,3,0.333333333,0.413043478,0.03667154,4,0.041563554
13,8,0.042178082,0.031260967,0.018541653,33,3,0.333333333,0.413043478,0.03667154,4,0.041563554
13,9,0.037491274,0.03124249,0.012500312,33,3,0.333333333,0.413043478,0.03667154,4,0.041563554
13,10,0.033080006,0.031241894,0.020092779,33,3,0.333333333,0.413043478,0.03667154,4,0.041563554
13,11,0.037490988,0.031241417,0.021191516,33,3,0.333333333,0.413043478,0.03667154,4,0.041563554
13,14,0.043740416,0.031258821,0.018211026,33,3,0.333333333,0.413043478,0.03667154,4,0.041563554
13,15,0.040615416,0.031243563,0.017394453,33,3,0.333333333,0.413043478,0.03667154,4,0.041563554
13,16,0.046360469,0.032794833,0.02145457,33,3,0.333333333,0.413043478,0.03667154,4,0.041563554
13,17,0.04217627,0.031254411,0.018546134,33,3,0.333333333,0.413043478,0.03667154,4,0.041563554
13,18,0.048926353,0.046861529,0.021060056,33,3,0.333333333,0.413043478,0.03667154,4,0.041563554
13,19,0.042177176,0.031244278,0.015700964,33,3,0.333333333,0.413043478,0.03667154,4,0.041563554
14,0,0.037462854,0.03123951,0.021212954,33,4,0.166666667,0.475,0.102826511,3,0.049965649
14,13,0.048427176,0.046863914,0.020303456,33,4,0.166666667,0.475,0.102826511,3,0.049965649
15,0,0.051408148,0.046869397,0.015334495,33,4,0.333333333,0.431818182,0.078216374,4,0.051899849
15,13,0.03801713,0.031244755,0.018192572,33,4,0.333333333,0.431818182,0.078216374,4,0.051899849
16,0,0.058657384,0.048369527,0.018787331,33,3,0.666666667,0.404255319,0.014680799,4,0.040140642
16,13,0.046863532,0.046856761,0.017111477,33,3,0.666666667,0.404255319,0.014680799,4,0.040140642
17,0,0.060926723,0.046864867,0.025627446,33,4,0.333333333,0.431818182,0.053057992,4,0.051242201
17,13,0.03749032,0.031241179,0.017394777,33,4,0.333333333,0.431818182,0.053057992,4,0.051242201
18,0,0.042174673,0.031242967,0.022149415,33,4,0.333333333,0.431818182,0.043128655,4,0.049682378
18,13,0.046864104,0.039052486,0.020957415,33,4,0.333333333,0.431818182,0.043128655,4,0.049682378
19,0,0.040615559,0.031242013,0.0187555,33,4,0.5,0.452380952,0.040692008,3,0.049278739
19,13,0.044297338,0.034061074,0.017900269,33,4,0.5,0.452380952,0.040692008,3,0.049278739
0,12,0.034365439,0.031217694,0.022957362,18,3,0.666666667,0.395833333,0.009624756,4,0.038791492
1,12,0.031243515,0.03123486,0.017114416,18,4,0.5,0.452380952,0.034478558,3,0.049420697
2,12,0.03306551,0.031241655,0.017501908,18,5,0.2,0.487179487,0.132919103,3,0.060195216
3,12,0.032803893,0.031237483,0.020304508,18,4,0.333333333,0.441860465,0.060550682,4,0.049679565
4,12,0.031509614,0.031241417,0.016884909,18,5,0.2,0.5,0.130482456,3,0.059646852
5,12,0.031242323,0.031241179,0.017114376,18,5,0.1,0.5,0.153630604,3,0.062038288
6,12,0.032801175,0.031236649,0.016315677,18,4,0.5,0.452380952,0.024975634,3,0.048591383
7,12,0.031242537,0.031238556,0.017109042,18,5,0.3,0.5,0.084795322,3,0.059060466
8,12,0.035925865,0.031241894,0.014061462,18,4,0.166666667,0.452380952,0.100389864,4,0.050460546
9,12,0.032804871,0.031242371,0.020307603,18,4,0.5,0.463414634,0.030945419,3,0.048772921
10,12,0.032804108,0.031211495,0.02030171,18,5,0.2,0.513513514,0.162646199,3,0.06094301
11,12,0.032804203,0.031241179,0.020304703,18,4,0.333333333,0.452380952,0.046539961,4,0.048802937
12,0,0.031500888,0.031233191,0.017129412,18,2,0,0.387755102,0.021320663,4,0.029823614
12,1,0.031241918,0.031240702,0.017115438,18,2,0,0.387755102,0.021320663,4,0.029823614
12,2,0.03280549,0.031236887,0.020309812,18,2,0,0.387755102,0.021320663,4,0.029823614
12,3,0.032804251,0.031221509,0.020306923,18,2,0,0.387755102,0.021320663,4,0.029823614
12,4,0.032804704,0.031240225,0.016309742,18,2,0,0.387755102,0.021320663,4,0.029823614
12,5,0.031242847,0.031237841,0.017109801,18,2,0,0.387755102,0.021320663,4,0.029823614
12,6,0.032805443,0.031225562,0.02030784,18,2,0,0.387755102,0.021320663,4,0.029823614
12,7,0.032804084,0.031227469,0.020292761,18,2,0,0.387755102,0.021320663,4,0.029823614
12,8,0.035929561,0.031242251,0.018537216,18,2,0,0.387755102,0.021320663,4,0.029823614
12,9,0.03170104,0.031240582,0.016747909,18,2,0,0.387755102,0.021320663,4,0.029823614
12,10,0.034366417,0.031243563,0.019517032,18,2,0,0.387755102,0.021320663,4,0.029823614
12,11,0.03436687,0.031237125,0.022960304,18,2,0,0.387755102,0.021320663,4,0.029823614
12,13,0.034368253,0.031225085,0.022956892,18,2,0,0.387755102,0.021320663,4,0.029823614
12,14,0.034366274,0.031216383,0.019512532,18,2,0,0.387755102,0.021320663,4,0.029823614
12,15,0.034367228,0.031243086,0.015305229,18,2,0,0.387755102,0.021320663,4,0.029823614
12,16,0.039053488,0.031258464,0.020067959,18,2,0,0.387755102,0.021320663,4,0.029823614
12,17,0.035928535,0.031243563,0.022139162,18,2,0,0.387755102,0.021320663,4,0.029823614
12,18,0.036171818,0.031246781,0.018388979,18,2,0,0.387755102,0.021320663,4,0.029823614
12,19,0.035930014,0.031244874,0.018551542,18,2,0,0.387755102,0.021320663,4,0.029823614
13,12,0.032805634,0.031238675,0.016307472,18,3,0.333333333,0.413043478,0.03667154,4,0.041563554
14,12,0.046866798,0.031269789,0.025187536,18,4,0.166666667,0.475,0.102826511,3,0.049965649
15,12,0.03436656,0.031246424,0.015307197,18,4,0.333333333,0.431818182,0.078216374,4,0.051899849
16,12,0.037491822,0.031245112,0.021180625,18,3,0.666666667,0.404255319,0.014680799,4,0.040140642
17,12,0.034366894,0.031241655,0.015300676,18,4,0.333333333,0.431818182,0.053057992,4,0.051242201
18,12,0.039053369,0.031244516,0.020065437,18,4,0.333333333,0.431818182,0.043128655,4,0.049682378
19,12,0.042180634,0.031243563,0.018555826,18,4,0.5,0.452380952,0.040692008,3,0.049278739
