group1,group2,meandiff,lower,upper,reject
0.06779661016949153,0.07142857142857142,0.0352,0.0051,0.0652,True
0.06779661016949153,0.07474844274077623,1.1372,1.1072,1.1673,True
0.06779661016949153,0.07481296758104738,0.2439,0.2138,0.2739,True
0.06779661016949153,0.07676969092721835,0.0048,-0.0925,0.1021,False
0.06779661016949153,0.07705455063381285,0.0038,-0.0666,0.0742,False
0.06779661016949153,0.07819398946019085,0.0037,-0.0667,0.0741,False
0.06779661016949153,0.0783364193134881,0.0052,-0.0921,0.1024,False
0.06779661016949153,0.0786212790200826,0.0018,-0.0954,0.0991,False
0.06779661016949153,0.07904856857997436,0.0036,-0.0937,0.1009,False
0.06779661016949153,0.07990314769975787,0.0016,-0.0957,0.0988,False
0.06779661016949153,0.08047286711294688,0.006,-0.0913,0.1032,False
0.06779661016949153,0.08153658639095532,0.0508,-0.0464,0.1481,False
0.06779661016949153,0.08159963014331946,0.0527,-0.0445,0.15,False
0.06779661016949153,0.0818728197368974,0.0537,-0.0435,0.151,False
0.06779661016949153,0.08214600933047535,0.0535,-0.0438,0.1507,False
0.06779661016949153,0.08225108225108226,0.049,-0.0482,0.1463,False
0.06779661016949153,0.08227209683520363,0.0424,-0.0549,0.1397,False
0.06779661016949153,0.08233514058756777,0.0461,-0.0511,0.1434,False
0.06779661016949153,0.08250325726053881,0.0481,-0.0492,0.1453,False
0.06779661016949153,0.08269238851763124,0.0397,-0.0576,0.1369,False
0.06779661016949153,0.0829445635270878,0.0502,-0.0471,0.1475,False
0.06779661016949153,0.08556442020726515,0.3068,0.2095,0.404,True
0.06779661016949153,0.08574143719157896,0.3982,0.3009,0.4955,True
0.06779661016949153,0.08579112616963196,0.3949,0.2976,0.4921,True
0.06779661016949153,0.0858594620594191,1.1879,1.0906,1.2851,True
0.06779661016949153,0.08586910026858476,1.5395,1.4423,1.6368,True
0.06779661016949153,0.08590076867012908,1.4037,1.3064,1.5009,True
0.06779661016949153,0.08590292637025121,0.2817,0.1844,0.379,True
0.06779661016949153,0.08593151914699095,1.346,1.2488,1.4433,True
0.06779661016949153,0.0859365677327444,1.1718,1.0745,1.2691,True
0.06779661016949153,0.08593932150679172,1.4009,1.3037,1.4982,True
0.06779661016949153,0.08599118425134981,1.5162,1.419,1.6135,True
0.06779661016949153,0.08599898661115059,1.2061,1.1089,1.3034,True
0.06779661016949153,0.08602881916333001,1.5066,1.4093,1.6039,True
0.06779661016949153,0.08607425643511099,1.354,1.2567,1.4512,True
0.06779661016949153,0.08608926003794996,0.3103,0.213,0.4075,True
0.06779661016949153,0.08610789340471983,0.321,0.2237,0.4182,True
0.06779661016949153,0.08614205457713127,0.3943,0.297,0.4915,True
0.06779661016949153,0.0861482656993879,0.3307,0.2335,0.428,True
0.06779661016949153,0.08617932131067102,0.3396,0.2424,0.4369,True
0.06779661016949153,0.08622590472759571,0.4032,0.306,0.5005,True
0.07142857142857142,0.07474844274077623,1.1021,1.0721,1.1321,True
0.07142857142857142,0.07481296758104738,0.2087,0.1787,0.2387,True
0.07142857142857142,0.07676969092721835,-0.0304,-0.1276,0.0669,False
0.07142857142857142,0.07705455063381285,-0.0314,-0.1017,0.039,False
0.07142857142857142,0.07819398946019085,-0.0315,-0.1019,0.0389,False
0.07142857142857142,0.0783364193134881,-0.03,-0.1272,0.0673,False
0.07142857142857142,0.0786212790200826,-0.0333,-0.1306,0.0639,False
0.07142857142857142,0.07904856857997436,-0.0315,-0.1288,0.0657,False
0.07142857142857142,0.07990314769975787,-0.0336,-0.1309,0.0637,False
0.07142857142857142,0.08047286711294688,-0.0292,-0.1264,0.0681,False
0.07142857142857142,0.08153658639095532,0.0157,-0.0816,0.1129,False
0.07142857142857142,0.08159963014331946,0.0176,-0.0797,0.1148,False
0.07142857142857142,0.0818728197368974,0.0186,-0.0787,0.1158,False
0.07142857142857142,0.08214600933047535,0.0183,-0.079,0.1156,False
0.07142857142857142,0.08225108225108226,0.0139,-0.0834,0.1111,False
0.07142857142857142,0.08227209683520363,0.0072,-0.09,0.1045,False
0.07142857142857142,0.08233514058756777,0.011,-0.0863,0.1083,False
0.07142857142857142,0.08250325726053881,0.0129,-0.0843,0.1102,False
0.07142857142857142,0.08269238851763124,0.0045,-0.0927,0.1018,False
0.07142857142857142,0.0829445635270878,0.0151,-0.0822,0.1123,False
0.07142857142857142,0.08556442020726515,0.2716,0.1743,0.3689,True
0.07142857142857142,0.08574143719157896,0.3631,0.2658,0.4603,True
0.07142857142857142,0.08579112616963196,0.3597,0.2624,0.457,True
0.07142857142857142,0.0858594620594191,1.1527,1.0554,1.25,True
0.07142857142857142,0.08586910026858476,1.5044,1.4071,1.6017,True
0.07142857142857142,0.08590076867012908,1.3685,1.2713,1.4658,True
0.07142857142857142,0.08590292637025121,0.2465,0.1493,0.3438,True
0.07142857142857142,0.08593151914699095,1.3109,1.2136,1.4081,True
0.07142857142857142,0.0859365677327444,1.1367,1.0394,1.2339,True
0.07142857142857142,0.08593932150679172,1.3658,1.2685,1.463,True
0.07142857142857142,0.08599118425134981,1.4811,1.3838,1.5783,True
0.07142857142857142,0.08599898661115059,1.171,1.0737,1.2682,True
0.07142857142857142,0.08602881916333001,1.4714,1.3742,1.5687,True
0.07142857142857142,0.08607425643511099,1.3188,1.2215,1.4161,True
0.07142857142857142,0.08608926003794996,0.2751,0.1778,0.3724,True
0.07142857142857142,0.08610789340471983,0.2858,0.1886,0.3831,True
0.07142857142857142,0.08614205457713127,0.3591,0.2619,0.4564,True
0.07142857142857142,0.0861482656993879,0.2956,0.1983,0.3928,True
0.07142857142857142,0.08617932131067102,0.3045,0.2072,0.4017,True
0.07142857142857142,0.08622590472759571,0.3681,0.2708,0.4653,True
0.07474844274077623,0.07481296758104738,-0.8934,-0.9234,-0.8634,True
0.07474844274077623,0.07676969092721835,-1.1324,-1.2297,-1.0352,True
0.07474844274077623,0.07705455063381285,-1.1334,-1.2038,-1.063,True
0.07474844274077623,0.07819398946019085,-1.1336,-1.204,-1.0632,True
0.07474844274077623,0.0783364193134881,-1.1321,-1.2293,-1.0348,True
0.07474844274077623,0.0786212790200826,-1.1354,-1.2327,-1.0381,True
0.07474844274077623,0.07904856857997436,-1.1336,-1.2309,-1.0364,True
0.07474844274077623,0.07990314769975787,-1.1357,-1.2329,-1.0384,True
0.07474844274077623,0.08047286711294688,-1.1313,-1.2285,-1.034,True
0.07474844274077623,0.08153658639095532,-1.0864,-1.1837,-0.9892,True
0.07474844274077623,0.08159963014331946,-1.0845,-1.1818,-0.9872,True
0.07474844274077623,0.0818728197368974,-1.0835,-1.1808,-0.9862,True
0.07474844274077623,0.08214600933047535,-1.0838,-1.181,-0.9865,True
0.07474844274077623,0.08225108225108226,-1.0882,-1.1855,-0.991,True
0.07474844274077623,0.08227209683520363,-1.0948,-1.1921,-0.9976,True
0.07474844274077623,0.08233514058756777,-1.0911,-1.1884,-0.9938,True
0.07474844274077623,0.08250325726053881,-1.0892,-1.1864,-0.9919,True
0.07474844274077623,0.08269238851763124,-1.0976,-1.1948,-1.0003,True
0.07474844274077623,0.0829445635270878,-1.087,-1.1843,-0.9898,True
0.07474844274077623,0.08556442020726515,-0.8305,-0.9277,-0.7332,True
0.07474844274077623,0.08574143719157896,-0.739,-0.8363,-0.6418,True
0.07474844274077623,0.08579112616963196,-0.7424,-0.8396,-0.6451,True
0.07474844274077623,0.0858594620594191,0.0506,-0.0466,0.1479,False
0.07474844274077623,0.08586910026858476,0.4023,0.305,0.4996,True
0.07474844274077623,0.08590076867012908,0.2664,0.1692,0.3637,True
0.07474844274077623,0.08590292637025121,-0.8555,-0.9528,-0.7583,True
0.07474844274077623,0.08593151914699095,0.2088,0.1115,0.306,True
0.07474844274077623,0.0859365677327444,0.0346,-0.0627,0.1318,False
0.07474844274077623,0.08593932150679172,0.2637,0.1664,0.361,True
0.07474844274077623,0.08599118425134981,0.379,0.2817,0.4763,True
0.07474844274077623,0.08599898661115059,0.0689,-0.0284,0.1662,False
0.07474844274077623,0.08602881916333001,0.3694,0.2721,0.4666,True
0.07474844274077623,0.08607425643511099,0.2167,0.1195,0.314,True
0.07474844274077623,0.08608926003794996,-0.827,-0.9242,-0.7297,True
0.07474844274077623,0.08610789340471983,-0.8163,-0.9135,-0.719,True
0.07474844274077623,0.08614205457713127,-0.743,-0.8402,-0.6457,True
0.07474844274077623,0.0861482656993879,-0.8065,-0.9038,-0.7092,True
0.07474844274077623,0.08617932131067102,-0.7976,-0.8949,-0.7003,True
0.07474844274077623,0.08622590472759571,-0.734,-0.8313,-0.6367,True
0.07481296758104738,0.07676969092721835,-0.2391,-0.3363,-0.1418,True
0.07481296758104738,0.07705455063381285,-0.2401,-0.3105,-0.1697,True
0.07481296758104738,0.07819398946019085,-0.2402,-0.3106,-0.1698,True
0.07481296758104738,0.0783364193134881,-0.2387,-0.3359,-0.1414,True
0.07481296758104738,0.0786212790200826,-0.242,-0.3393,-0.1448,True
0.07481296758104738,0.07904856857997436,-0.2403,-0.3375,-0.143,True
0.07481296758104738,0.07990314769975787,-0.2423,-0.3396,-0.1451,True
0.07481296758104738,0.08047286711294688,-0.2379,-0.3352,-0.1406,True
0.07481296758104738,0.08153658639095532,-0.1931,-0.2903,-0.0958,True
0.07481296758104738,0.08159963014331946,-0.1911,-0.2884,-0.0939,True
0.07481296758104738,0.0818728197368974,-0.1901,-0.2874,-0.0929,True
0.07481296758104738,0.08214600933047535,-0.1904,-0.2877,-0.0931,True
0.07481296758104738,0.08225108225108226,-0.1949,-0.2921,-0.0976,True
0.07481296758104738,0.08227209683520363,-0.2015,-0.2987,-0.1042,True
0.07481296758104738,0.08233514058756777,-0.1977,-0.295,-0.1005,True
0.07481296758104738,0.08250325726053881,-0.1958,-0.293,-0.0985,True
0.07481296758104738,0.08269238851763124,-0.2042,-0.3014,-0.1069,True
0.07481296758104738,0.0829445635270878,-0.1937,-0.2909,-0.0964,True
0.07481296758104738,0.08556442020726515,0.0629,-0.0344,0.1602,False
0.07481296758104738,0.08574143719157896,0.1543,0.0571,0.2516,True
0.07481296758104738,0.08579112616963196,0.151,0.0537,0.2483,True
0.07481296758104738,0.0858594620594191,0.944,0.8467,1.0413,True
0.07481296758104738,0.08586910026858476,1.2957,1.1984,1.3929,True
0.07481296758104738,0.08590076867012908,1.1598,1.0625,1.2571,True
0.07481296758104738,0.08590292637025121,0.0378,-0.0594,0.1351,False
0.07481296758104738,0.08593151914699095,1.1022,1.0049,1.1994,True
0.07481296758104738,0.0859365677327444,0.9279,0.8307,1.0252,True
0.07481296758104738,0.08593932150679172,1.1571,1.0598,1.2543,True
0.07481296758104738,0.08599118425134981,1.2724,1.1751,1.3696,True
0.07481296758104738,0.08599898661115059,0.9623,0.865,1.0595,True
0.07481296758104738,0.08602881916333001,1.2627,1.1655,1.36,True
0.07481296758104738,0.08607425643511099,1.1101,1.0128,1.2073,True
0.07481296758104738,0.08608926003794996,0.0664,-0.0309,0.1637,False
0.07481296758104738,0.08610789340471983,0.0771,-0.0202,0.1744,False
0.07481296758104738,0.08614205457713127,0.1504,0.0531,0.2477,True
0.07481296758104738,0.0861482656993879,0.0869,-0.0104,0.1841,False
0.07481296758104738,0.08617932131067102,0.0958,-0.0015,0.193,False
0.07481296758104738,0.08622590472759571,0.1594,0.0621,0.2566,True
0.07676969092721835,0.07705455063381285,-0.001,-0.1173,0.1153,False
0.07676969092721835,0.07819398946019085,-0.0011,-0.1174,0.1151,False
0.07676969092721835,0.0783364193134881,0.0004,-0.1339,0.1346,False
0.07676969092721835,0.0786212790200826,-0.003,-0.1372,0.1313,False
0.07676969092721835,0.07904856857997436,-0.0012,-0.1354,0.133,False
0.07676969092721835,0.07990314769975787,-0.0033,-0.1375,0.131,False
0.07676969092721835,0.08047286711294688,0.0012,-0.1331,0.1354,False
0.07676969092721835,0.08153658639095532,0.046,-0.0882,0.1802,False
0.07676969092721835,0.08159963014331946,0.0479,-0.0863,0.1822,False
0.07676969092721835,0.0818728197368974,0.0489,-0.0853,0.1832,False
0.07676969092721835,0.08214600933047535,0.0486,-0.0856,0.1829,False
0.07676969092721835,0.08225108225108226,0.0442,-0.09,0.1784,False
0.07676969092721835,0.08227209683520363,0.0376,-0.0966,0.1718,False
0.07676969092721835,0.08233514058756777,0.0413,-0.0929,0.1756,False
0.07676969092721835,0.08250325726053881,0.0433,-0.091,0.1775,False
0.07676969092721835,0.08269238851763124,0.0349,-0.0994,0.1691,False
0.07676969092721835,0.0829445635270878,0.0454,-0.0888,0.1796,False
0.07676969092721835,0.08556442020726515,0.3019,0.1677,0.4362,True
0.07676969092721835,0.08574143719157896,0.3934,0.2592,0.5276,True
0.07676969092721835,0.08579112616963196,0.3901,0.2558,0.5243,True
0.07676969092721835,0.0858594620594191,1.1831,1.0488,1.3173,True
0.07676969092721835,0.08586910026858476,1.5347,1.4005,1.669,True
0.07676969092721835,0.08590076867012908,1.3989,1.2646,1.5331,True
0.07676969092721835,0.08590292637025121,0.2769,0.1427,0.4111,True
0.07676969092721835,0.08593151914699095,1.3412,1.207,1.4755,True
0.07676969092721835,0.0859365677327444,1.167,1.0328,1.3012,True
0.07676969092721835,0.08593932150679172,1.3961,1.2619,1.5304,True
0.07676969092721835,0.08599118425134981,1.5114,1.3772,1.6457,True
0.07676969092721835,0.08599898661115059,1.2013,1.0671,1.3356,True
0.07676969092721835,0.08602881916333001,1.5018,1.3676,1.636,True
0.07676969092721835,0.08607425643511099,1.3491,1.2149,1.4834,True
0.07676969092721835,0.08608926003794996,0.3055,0.1712,0.4397,True
0.07676969092721835,0.08610789340471983,0.3162,0.1819,0.4504,True
0.07676969092721835,0.08614205457713127,0.3895,0.2552,0.5237,True
0.07676969092721835,0.0861482656993879,0.3259,0.1917,0.4602,True
0.07676969092721835,0.08617932131067102,0.3348,0.2006,0.4691,True
0.07676969092721835,0.08622590472759571,0.3984,0.2642,0.5327,True
0.07705455063381285,0.07819398946019085,-0.0001,-0.0951,0.0948,False
0.07705455063381285,0.0783364193134881,0.0014,-0.1149,0.1176,False
0.07705455063381285,0.0786212790200826,-0.002,-0.1182,0.1143,False
0.07705455063381285,0.07904856857997436,-0.0002,-0.1164,0.1161,False
0.07705455063381285,0.07990314769975787,-0.0023,-0.1185,0.114,False
0.07705455063381285,0.08047286711294688,0.0022,-0.1141,0.1184,False
0.07705455063381285,0.08153658639095532,0.047,-0.0692,0.1633,False
0.07705455063381285,0.08159963014331946,0.0489,-0.0673,0.1652,False
0.07705455063381285,0.0818728197368974,0.0499,-0.0663,0.1662,False
0.07705455063381285,0.08214600933047535,0.0497,-0.0666,0.1659,False
0.07705455063381285,0.08225108225108226,0.0452,-0.071,0.1615,False
0.07705455063381285,0.08227209683520363,0.0386,-0.0777,0.1549,False
0.07705455063381285,0.08233514058756777,0.0423,-0.0739,0.1586,False
0.07705455063381285,0.08250325726053881,0.0443,-0.072,0.1605,False
0.07705455063381285,0.08269238851763124,0.0359,-0.0804,0.1521,False
0.07705455063381285,0.0829445635270878,0.0464,-0.0698,0.1627,False
0.07705455063381285,0.08556442020726515,0.303,0.1867,0.4192,True
0.07705455063381285,0.08574143719157896,0.3944,0.2782,0.5107,True
0.07705455063381285,0.08579112616963196,0.3911,0.2748,0.5073,True
0.07705455063381285,0.0858594620594191,1.1841,1.0678,1.3003,True
0.07705455063381285,0.08586910026858476,1.5357,1.4195,1.652,True
0.07705455063381285,0.08590076867012908,1.3999,1.2836,1.5161,True
0.07705455063381285,0.08590292637025121,0.2779,0.1616,0.3942,True
0.07705455063381285,0.08593151914699095,1.3422,1.226,1.4585,True
0.07705455063381285,0.0859365677327444,1.168,1.0518,1.2843,True
0.07705455063381285,0.08593932150679172,1.3971,1.2809,1.5134,True
0.07705455063381285,0.08599118425134981,1.5124,1.3962,1.6287,True
0.07705455063381285,0.08599898661115059,1.2023,1.0861,1.3186,True
0.07705455063381285,0.08602881916333001,1.5028,1.3865,1.619,True
0.07705455063381285,0.08607425643511099,1.3501,1.2339,1.4664,True
0.07705455063381285,0.08608926003794996,0.3065,0.1902,0.4227,True
0.07705455063381285,0.08610789340471983,0.3172,0.2009,0.4334,True
0.07705455063381285,0.08614205457713127,0.3905,0.2742,0.5067,True
0.07705455063381285,0.0861482656993879,0.3269,0.2107,0.4432,True
0.07705455063381285,0.08617932131067102,0.3358,0.2196,0.4521,True
0.07705455063381285,0.08622590472759571,0.3994,0.2832,0.5157,True
0.07819398946019085,0.0783364193134881,0.0015,-0.1147,0.1178,False
0.07819398946019085,0.0786212790200826,-0.0018,-0.1181,0.1144,False
0.07819398946019085,0.07904856857997436,-0.0001,-0.1163,0.1162,False
0.07819398946019085,0.07990314769975787,-0.0021,-0.1184,0.1141,False
0.07819398946019085,0.08047286711294688,0.0023,-0.114,0.1186,False
0.07819398946019085,0.08153658639095532,0.0471,-0.0691,0.1634,False
0.07819398946019085,0.08159963014331946,0.0491,-0.0672,0.1653,False
0.07819398946019085,0.0818728197368974,0.0501,-0.0662,0.1663,False
0.07819398946019085,0.08214600933047535,0.0498,-0.0665,0.166,False
0.07819398946019085,0.08225108225108226,0.0453,-0.0709,0.1616,False
0.07819398946019085,0.08227209683520363,0.0387,-0.0775,0.155,False
0.07819398946019085,0.08233514058756777,0.0425,-0.0738,0.1587,False
0.07819398946019085,0.08250325726053881,0.0444,-0.0718,0.1607,False
0.07819398946019085,0.08269238851763124,0.036,-0.0802,0.1523,False
0.07819398946019085,0.0829445635270878,0.0465,-0.0697,0.1628,False
0.07819398946019085,0.08556442020726515,0.3031,0.1868,0.4193,True
0.07819398946019085,0.08574143719157896,0.3945,0.2783,0.5108,True
0.07819398946019085,0.08579112616963196,0.3912,0.2749,0.5074,True
0.07819398946019085,0.0858594620594191,1.1842,1.0679,1.3004,True
0.07819398946019085,0.08586910026858476,1.5359,1.4196,1.6521,True
0.07819398946019085,0.08590076867012908,1.4,1.2837,1.5163,True
0.07819398946019085,0.08590292637025121,0.278,0.1618,0.3943,True
0.07819398946019085,0.08593151914699095,1.3423,1.2261,1.4586,True
0.07819398946019085,0.0859365677327444,1.1681,1.0519,1.2844,True
0.07819398946019085,0.08593932150679172,1.3973,1.281,1.5135,True
0.07819398946019085,0.08599118425134981,1.5126,1.3963,1.6288,True
0.07819398946019085,0.08599898661115059,1.2025,1.0862,1.3187,True
0.07819398946019085,0.08602881916333001,1.5029,1.3867,1.6192,True
0.07819398946019085,0.08607425643511099,1.3503,1.234,1.4665,True
0.07819398946019085,0.08608926003794996,0.3066,0.1903,0.4228,True
0.07819398946019085,0.08610789340471983,0.3173,0.2011,0.4336,True
0.07819398946019085,0.08614205457713127,0.3906,0.2744,0.5069,True
0.07819398946019085,0.0861482656993879,0.3271,0.2108,0.4433,True
0.07819398946019085,0.08617932131067102,0.336,0.2197,0.4522,True
0.07819398946019085,0.08622590472759571,0.3996,0.2833,0.5158,True
0.0783364193134881,0.0786212790200826,-0.0034,-0.1376,0.1309,False
0.0783364193134881,0.07904856857997436,-0.0016,-0.1358,0.1327,False
0.0783364193134881,0.07990314769975787,-0.0036,-0.1379,0.1306,False
0.0783364193134881,0.08047286711294688,0.0008,-0.1334,0.135,False
0.0783364193134881,0.08153658639095532,0.0456,-0.0886,0.1799,False
0.0783364193134881,0.08159963014331946,0.0475,-0.0867,0.1818,False
0.0783364193134881,0.0818728197368974,0.0486,-0.0857,0.1828,False
0.0783364193134881,0.08214600933047535,0.0483,-0.086,0.1825,False
0.0783364193134881,0.08225108225108226,0.0438,-0.0904,0.1781,False
0.0783364193134881,0.08227209683520363,0.0372,-0.097,0.1715,False
0.0783364193134881,0.08233514058756777,0.041,-0.0933,0.1752,False
0.0783364193134881,0.08250325726053881,0.0429,-0.0913,0.1771,False
0.0783364193134881,0.08269238851763124,0.0345,-0.0997,0.1687,False
0.0783364193134881,0.0829445635270878,0.045,-0.0892,0.1793,False
0.0783364193134881,0.08556442020726515,0.3016,0.1673,0.4358,True
0.0783364193134881,0.08574143719157896,0.393,0.2588,0.5273,True
0.0783364193134881,0.08579112616963196,0.3897,0.2554,0.5239,True
0.0783364193134881,0.0858594620594191,1.1827,1.0484,1.3169,True
0.0783364193134881,0.08586910026858476,1.5344,1.4001,1.6686,True
0.0783364193134881,0.08590076867012908,1.3985,1.2643,1.5327,True
0.0783364193134881,0.08590292637025121,0.2765,0.1423,0.4108,True
0.0783364193134881,0.08593151914699095,1.3408,1.2066,1.4751,True
0.0783364193134881,0.0859365677327444,1.1666,1.0324,1.3009,True
0.0783364193134881,0.08593932150679172,1.3957,1.2615,1.53,True
0.0783364193134881,0.08599118425134981,1.511,1.3768,1.6453,True
0.0783364193134881,0.08599898661115059,1.201,1.0667,1.3352,True
0.0783364193134881,0.08602881916333001,1.5014,1.3672,1.6356,True
0.0783364193134881,0.08607425643511099,1.3488,1.2145,1.483,True
0.0783364193134881,0.08608926003794996,0.3051,0.1708,0.4393,True
0.0783364193134881,0.08610789340471983,0.3158,0.1816,0.45,True
0.0783364193134881,0.08614205457713127,0.3891,0.2549,0.5233,True
0.0783364193134881,0.0861482656993879,0.3255,0.1913,0.4598,True
0.0783364193134881,0.08617932131067102,0.3345,0.2002,0.4687,True
0.0783364193134881,0.08622590472759571,0.398,0.2638,0.5323,True
0.0786212790200826,0.07904856857997436,0.0018,-0.1324,0.136,False
0.0786212790200826,0.07990314769975787,-0.0003,-0.1345,0.134,False
0.0786212790200826,0.08047286711294688,0.0041,-0.1301,0.1384,False
0.0786212790200826,0.08153658639095532,0.049,-0.0852,0.1832,False
0.0786212790200826,0.08159963014331946,0.0509,-0.0833,0.1851,False
0.0786212790200826,0.0818728197368974,0.0519,-0.0823,0.1861,False
0.0786212790200826,0.08214600933047535,0.0516,-0.0826,0.1859,False
0.0786212790200826,0.08225108225108226,0.0472,-0.087,0.1814,False
0.0786212790200826,0.08227209683520363,0.0406,-0.0937,0.1748,False
0.0786212790200826,0.08233514058756777,0.0443,-0.0899,0.1786,False
0.0786212790200826,0.08250325726053881,0.0463,-0.088,0.1805,False
0.0786212790200826,0.08269238851763124,0.0379,-0.0964,0.1721,False
0.0786212790200826,0.0829445635270878,0.0484,-0.0858,0.1826,False
0.0786212790200826,0.08556442020726515,0.3049,0.1707,0.4392,True
0.0786212790200826,0.08574143719157896,0.3964,0.2621,0.5306,True
0.0786212790200826,0.08579112616963196,0.393,0.2588,0.5273,True
0.0786212790200826,0.0858594620594191,1.186,1.0518,1.3203,True
0.0786212790200826,0.08586910026858476,1.5377,1.4035,1.672,True
0.0786212790200826,0.08590076867012908,1.4018,1.2676,1.5361,True
0.0786212790200826,0.08590292637025121,0.2799,0.1456,0.4141,True
0.0786212790200826,0.08593151914699095,1.3442,1.21,1.4784,True
0.0786212790200826,0.0859365677327444,1.17,1.0357,1.3042,True
0.0786212790200826,0.08593932150679172,1.3991,1.2649,1.5333,True
0.0786212790200826,0.08599118425134981,1.5144,1.3802,1.6486,True
0.0786212790200826,0.08599898661115059,1.2043,1.0701,1.3385,True
0.0786212790200826,0.08602881916333001,1.5048,1.3705,1.639,True
0.0786212790200826,0.08607425643511099,1.3521,1.2179,1.4864,True
0.0786212790200826,0.08608926003794996,0.3084,0.1742,0.4427,True
0.0786212790200826,0.08610789340471983,0.3192,0.1849,0.4534,True
0.0786212790200826,0.08614205457713127,0.3925,0.2582,0.5267,True
0.0786212790200826,0.0861482656993879,0.3289,0.1947,0.4631,True
0.0786212790200826,0.08617932131067102,0.3378,0.2036,0.4721,True
0.0786212790200826,0.08622590472759571,0.4014,0.2672,0.5356,True
0.07904856857997436,0.07990314769975787,-0.0021,-0.1363,0.1322,False
0.07904856857997436,0.08047286711294688,0.0024,-0.1319,0.1366,False
0.07904856857997436,0.08153658639095532,0.0472,-0.087,0.1814,False
0.07904856857997436,0.08159963014331946,0.0491,-0.0851,0.1834,False
0.07904856857997436,0.0818728197368974,0.0501,-0.0841,0.1844,False
0.07904856857997436,0.08214600933047535,0.0498,-0.0844,0.1841,False
0.07904856857997436,0.08225108225108226,0.0454,-0.0888,0.1796,False
0.07904856857997436,0.08227209683520363,0.0388,-0.0954,0.173,False
0.07904856857997436,0.08233514058756777,0.0425,-0.0917,0.1768,False
0.07904856857997436,0.08250325726053881,0.0445,-0.0898,0.1787,False
0.07904856857997436,0.08269238851763124,0.0361,-0.0982,0.1703,False
0.07904856857997436,0.0829445635270878,0.0466,-0.0876,0.1808,False
0.07904856857997436,0.08556442020726515,0.3031,0.1689,0.4374,True
0.07904856857997436,0.08574143719157896,0.3946,0.2604,0.5288,True
0.07904856857997436,0.08579112616963196,0.3913,0.257,0.5255,True
0.07904856857997436,0.0858594620594191,1.1843,1.05,1.3185,True
0.07904856857997436,0.08586910026858476,1.5359,1.4017,1.6702,True
0.07904856857997436,0.08590076867012908,1.4001,1.2658,1.5343,True
0.07904856857997436,0.08590292637025121,0.2781,0.1439,0.4123,True
0.07904856857997436,0.08593151914699095,1.3424,1.2082,1.4766,True
0.07904856857997436,0.0859365677327444,1.1682,1.034,1.3024,True
0.07904856857997436,0.08593932150679172,1.3973,1.2631,1.5316,True
0.07904856857997436,0.08599118425134981,1.5126,1.3784,1.6468,True
0.07904856857997436,0.08599898661115059,1.2025,1.0683,1.3368,True
0.07904856857997436,0.08602881916333001,1.503,1.3687,1.6372,True
0.07904856857997436,0.08607425643511099,1.3503,1.2161,1.4846,True
0.07904856857997436,0.08608926003794996,0.3066,0.1724,0.4409,True
0.07904856857997436,0.08610789340471983,0.3174,0.1831,0.4516,True
0.07904856857997436,0.08614205457713127,0.3907,0.2564,0.5249,True
0.07904856857997436,0.0861482656993879,0.3271,0.1929,0.4613,True
0.07904856857997436,0.08617932131067102,0.336,0.2018,0.4703,True
0.07904856857997436,0.08622590472759571,0.3996,0.2654,0.5339,True
0.07990314769975787,0.08047286711294688,0.0044,-0.1298,0.1387,False
0.07990314769975787,0.08153658639095532,0.0493,-0.085,0.1835,False
0.07990314769975787,0.08159963014331946,0.0512,-0.0831,0.1854,False
0.07990314769975787,0.0818728197368974,0.0522,-0.0821,0.1864,False
0.07990314769975787,0.08214600933047535,0.0519,-0.0823,0.1861,False
0.07990314769975787,0.08225108225108226,0.0475,-0.0868,0.1817,False
0.07990314769975787,0.08227209683520363,0.0409,-0.0934,0.1751,False
0.07990314769975787,0.08233514058756777,0.0446,-0.0896,0.1788,False
0.07990314769975787,0.08250325726053881,0.0465,-0.0877,0.1808,False
0.07990314769975787,0.08269238851763124,0.0381,-0.0961,0.1724,False
0.07990314769975787,0.0829445635270878,0.0487,-0.0856,0.1829,False
0.07990314769975787,0.08556442020726515,0.3052,0.171,0.4394,True
0.07990314769975787,0.08574143719157896,0.3967,0.2624,0.5309,True
0.07990314769975787,0.08579112616963196,0.3933,0.2591,0.5276,True
0.07990314769975787,0.0858594620594191,1.1863,1.0521,1.3206,True
0.07990314769975787,0.08586910026858476,1.538,1.4038,1.6722,True
0.07990314769975787,0.08590076867012908,1.4021,1.2679,1.5364,True
0.07990314769975787,0.08590292637025121,0.2801,0.1459,0.4144,True
0.07990314769975787,0.08593151914699095,1.3445,1.2102,1.4787,True
0.07990314769975787,0.0859365677327444,1.1703,1.036,1.3045,True
0.07990314769975787,0.08593932150679172,1.3994,1.2651,1.5336,True
0.07990314769975787,0.08599118425134981,1.5147,1.3804,1.6489,True
0.07990314769975787,0.08599898661115059,1.2046,1.0703,1.3388,True
0.07990314769975787,0.08602881916333001,1.505,1.3708,1.6393,True
0.07990314769975787,0.08607425643511099,1.3524,1.2182,1.4866,True
0.07990314769975787,0.08608926003794996,0.3087,0.1745,0.4429,True
0.07990314769975787,0.08610789340471983,0.3194,0.1852,0.4537,True
0.07990314769975787,0.08614205457713127,0.3927,0.2585,0.527,True
0.07990314769975787,0.0861482656993879,0.3292,0.1949,0.4634,True
0.07990314769975787,0.08617932131067102,0.3381,0.2038,0.4723,True
0.07990314769975787,0.08622590472759571,0.4017,0.2674,0.5359,True
0.08047286711294688,0.08153658639095532,0.0448,-0.0894,0.1791,False
0.08047286711294688,0.08159963014331946,0.0468,-0.0875,0.181,False
0.08047286711294688,0.0818728197368974,0.0478,-0.0865,0.182,False
0.08047286711294688,0.08214600933047535,0.0475,-0.0868,0.1817,False
0.08047286711294688,0.08225108225108226,0.043,-0.0912,0.1773,False
0.08047286711294688,0.08227209683520363,0.0364,-0.0978,0.1707,False
0.08047286711294688,0.08233514058756777,0.0402,-0.0941,0.1744,False
0.08047286711294688,0.08250325726053881,0.0421,-0.0921,0.1763,False
0.08047286711294688,0.08269238851763124,0.0337,-0.1005,0.1679,False
0.08047286711294688,0.0829445635270878,0.0442,-0.09,0.1785,False
0.08047286711294688,0.08556442020726515,0.3008,0.1665,0.435,True
0.08047286711294688,0.08574143719157896,0.3922,0.258,0.5265,True
0.08047286711294688,0.08579112616963196,0.3889,0.2547,0.5231,True
0.08047286711294688,0.0858594620594191,1.1819,1.0477,1.3161,True
0.08047286711294688,0.08586910026858476,1.5336,1.3993,1.6678,True
0.08047286711294688,0.08590076867012908,1.3977,1.2635,1.5319,True
0.08047286711294688,0.08590292637025121,0.2757,0.1415,0.41,True
0.08047286711294688,0.08593151914699095,1.34,1.2058,1.4743,True
0.08047286711294688,0.0859365677327444,1.1658,1.0316,1.3001,True
0.08047286711294688,0.08593932150679172,1.395,1.2607,1.5292,True
0.08047286711294688,0.08599118425134981,1.5102,1.376,1.6445,True
0.08047286711294688,0.08599898661115059,1.2002,1.0659,1.3344,True
0.08047286711294688,0.08602881916333001,1.5006,1.3664,1.6349,True
0.08047286711294688,0.08607425643511099,1.348,1.2137,1.4822,True
0.08047286711294688,0.08608926003794996,0.3043,0.17,0.4385,True
0.08047286711294688,0.08610789340471983,0.315,0.1808,0.4492,True
0.08047286711294688,0.08614205457713127,0.3883,0.2541,0.5225,True
0.08047286711294688,0.0861482656993879,0.3248,0.1905,0.459,True
0.08047286711294688,0.08617932131067102,0.3337,0.1994,0.4679,True
0.08047286711294688,0.08622590472759571,0.3973,0.263,0.5315,True
0.08153658639095532,0.08159963014331946,0.0019,-0.1323,0.1362,False
0.08153658639095532,0.0818728197368974,0.0029,-0.1313,0.1372,False
0.08153658639095532,0.08214600933047535,0.0026,-0.1316,0.1369,False
0.08153658639095532,0.08225108225108226,-0.0018,-0.136,0.1324,False
0.08153658639095532,0.08227209683520363,-0.0084,-0.1426,0.1258,False
0.08153658639095532,0.08233514058756777,-0.0047,-0.1389,0.1296,False
0.08153658639095532,0.08250325726053881,-0.0027,-0.137,0.1315,False
0.08153658639095532,0.08269238851763124,-0.0111,-0.1454,0.1231,False
0.08153658639095532,0.0829445635270878,-0.0006,-0.1348,0.1336,False
0.08153658639095532,0.08556442020726515,0.2559,0.1217,0.3902,True
0.08153658639095532,0.08574143719157896,0.3474,0.2132,0.4816,True
0.08153658639095532,0.08579112616963196,0.3441,0.2098,0.4783,True
0.08153658639095532,0.0858594620594191,1.1371,1.0028,1.2713,True
0.08153658639095532,0.08586910026858476,1.4887,1.3545,1.623,True
0.08153658639095532,0.08590076867012908,1.3529,1.2186,1.4871,True
0.08153658639095532,0.08590292637025121,0.2309,0.0966,0.3651,True
0.08153658639095532,0.08593151914699095,1.2952,1.161,1.4294,True
0.08153658639095532,0.0859365677327444,1.121,0.9868,1.2552,True
0.08153658639095532,0.08593932150679172,1.3501,1.2159,1.4844,True
0.08153658639095532,0.08599118425134981,1.4654,1.3312,1.5996,True
0.08153658639095532,0.08599898661115059,1.1553,1.0211,1.2896,True
0.08153658639095532,0.08602881916333001,1.4558,1.3215,1.59,True
0.08153658639095532,0.08607425643511099,1.3031,1.1689,1.4374,True
0.08153658639095532,0.08608926003794996,0.2594,0.1252,0.3937,True
0.08153658639095532,0.08610789340471983,0.2702,0.1359,0.4044,True
0.08153658639095532,0.08614205457713127,0.3435,0.2092,0.4777,True
0.08153658639095532,0.0861482656993879,0.2799,0.1457,0.4141,True
0.08153658639095532,0.08617932131067102,0.2888,0.1546,0.4231,True
0.08153658639095532,0.08622590472759571,0.3524,0.2182,0.4867,True
0.08159963014331946,0.0818728197368974,0.001,-0.1332,0.1352,False
0.08159963014331946,0.08214600933047535,0.0007,-0.1335,0.135,False
0.08159963014331946,0.08225108225108226,-0.0037,-0.138,0.1305,False
0.08159963014331946,0.08227209683520363,-0.0103,-0.1446,0.1239,False
0.08159963014331946,0.08233514058756777,-0.0066,-0.1408,0.1276,False
0.08159963014331946,0.08250325726053881,-0.0047,-0.1389,0.1296,False
0.08159963014331946,0.08269238851763124,-0.0131,-0.1473,0.1212,False
0.08159963014331946,0.0829445635270878,-0.0025,-0.1368,0.1317,False
0.08159963014331946,0.08556442020726515,0.254,0.1198,0.3883,True
0.08159963014331946,0.08574143719157896,0.3455,0.2112,0.4797,True
0.08159963014331946,0.08579112616963196,0.3421,0.2079,0.4764,True
0.08159963014331946,0.0858594620594191,1.1351,1.0009,1.2694,True
0.08159963014331946,0.08586910026858476,1.4868,1.3526,1.6211,True
0.08159963014331946,0.08590076867012908,1.3509,1.2167,1.4852,True
0.08159963014331946,0.08590292637025121,0.229,0.0947,0.3632,True
0.08159963014331946,0.08593151914699095,1.2933,1.1591,1.4275,True
0.08159963014331946,0.0859365677327444,1.1191,0.9848,1.2533,True
0.08159963014331946,0.08593932150679172,1.3482,1.214,1.4824,True
0.08159963014331946,0.08599118425134981,1.4635,1.3293,1.5977,True
0.08159963014331946,0.08599898661115059,1.1534,1.0192,1.2876,True
0.08159963014331946,0.08602881916333001,1.4539,1.3196,1.5881,True
0.08159963014331946,0.08607425643511099,1.3012,1.167,1.4355,True
0.08159963014331946,0.08608926003794996,0.2575,0.1233,0.3918,True
0.08159963014331946,0.08610789340471983,0.2682,0.134,0.4025,True
0.08159963014331946,0.08614205457713127,0.3415,0.2073,0.4758,True
0.08159963014331946,0.0861482656993879,0.278,0.1438,0.4122,True
0.08159963014331946,0.08617932131067102,0.2869,0.1527,0.4211,True
0.08159963014331946,0.08622590472759571,0.3505,0.2163,0.4847,True
0.0818728197368974,0.08214600933047535,-0.0003,-0.1345,0.134,False
0.0818728197368974,0.08225108225108226,-0.0047,-0.139,0.1295,False
0.0818728197368974,0.08227209683520363,-0.0113,-0.1456,0.1229,False
0.0818728197368974,0.08233514058756777,-0.0076,-0.1418,0.1266,False
0.0818728197368974,0.08250325726053881,-0.0057,-0.1399,0.1286,False
0.0818728197368974,0.08269238851763124,-0.0141,-0.1483,0.1202,False
0.0818728197368974,0.0829445635270878,-0.0035,-0.1378,0.1307,False
0.0818728197368974,0.08556442020726515,0.253,0.1188,0.3873,True
0.0818728197368974,0.08574143719157896,0.3445,0.2102,0.4787,True
0.0818728197368974,0.08579112616963196,0.3411,0.2069,0.4754,True
0.0818728197368974,0.0858594620594191,1.1341,0.9999,1.2684,True
0.0818728197368974,0.08586910026858476,1.4858,1.3516,1.6201,True
0.0818728197368974,0.08590076867012908,1.3499,1.2157,1.4842,True
0.0818728197368974,0.08590292637025121,0.228,0.0937,0.3622,True
0.0818728197368974,0.08593151914699095,1.2923,1.1581,1.4265,True
0.0818728197368974,0.0859365677327444,1.1181,0.9838,1.2523,True
0.0818728197368974,0.08593932150679172,1.3472,1.213,1.4814,True
0.0818728197368974,0.08599118425134981,1.4625,1.3283,1.5967,True
0.0818728197368974,0.08599898661115059,1.1524,1.0182,1.2866,True
0.0818728197368974,0.08602881916333001,1.4529,1.3186,1.5871,True
0.0818728197368974,0.08607425643511099,1.3002,1.166,1.4345,True
0.0818728197368974,0.08608926003794996,0.2565,0.1223,0.3908,True
0.0818728197368974,0.08610789340471983,0.2672,0.133,0.4015,True
0.0818728197368974,0.08614205457713127,0.3405,0.2063,0.4748,True
0.0818728197368974,0.0861482656993879,0.277,0.1428,0.4112,True
0.0818728197368974,0.08617932131067102,0.2859,0.1517,0.4201,True
0.0818728197368974,0.08622590472759571,0.3495,0.2153,0.4837,True
0.08214600933047535,0.08225108225108226,-0.0044,-0.1387,0.1298,False
0.08214600933047535,0.08227209683520363,-0.011,-0.1453,0.1232,False
0.08214600933047535,0.08233514058756777,-0.0073,-0.1415,0.1269,False
0.08214600933047535,0.08250325726053881,-0.0054,-0.1396,0.1289,False
0.08214600933047535,0.08269238851763124,-0.0138,-0.148,0.1205,False
0.08214600933047535,0.0829445635270878,-0.0032,-0.1375,0.131,False
0.08214600933047535,0.08556442020726515,0.2533,0.1191,0.3875,True
0.08214600933047535,0.08574143719157896,0.3448,0.2105,0.479,True
0.08214600933047535,0.08579112616963196,0.3414,0.2072,0.4757,True
0.08214600933047535,0.0858594620594191,1.1344,1.0002,1.2686,True
0.08214600933047535,0.08586910026858476,1.4861,1.3519,1.6203,True
0.08214600933047535,0.08590076867012908,1.3502,1.216,1.4845,True
0.08214600933047535,0.08590292637025121,0.2282,0.094,0.3625,True
0.08214600933047535,0.08593151914699095,1.2926,1.1583,1.4268,True
0.08214600933047535,0.0859365677327444,1.1184,0.9841,1.2526,True
0.08214600933047535,0.08593932150679172,1.3475,1.2132,1.4817,True
0.08214600933047535,0.08599118425134981,1.4628,1.3285,1.597,True
0.08214600933047535,0.08599898661115059,1.1527,1.0184,1.2869,True
0.08214600933047535,0.08602881916333001,1.4531,1.3189,1.5874,True
0.08214600933047535,0.08607425643511099,1.3005,1.1663,1.4347,True
0.08214600933047535,0.08608926003794996,0.2568,0.1226,0.391,True
0.08214600933047535,0.08610789340471983,0.2675,0.1333,0.4018,True
0.08214600933047535,0.08614205457713127,0.3408,0.2066,0.4751,True
0.08214600933047535,0.0861482656993879,0.2773,0.143,0.4115,True
0.08214600933047535,0.08617932131067102,0.2862,0.1519,0.4204,True
0.08214600933047535,0.08622590472759571,0.3498,0.2155,0.484,True
0.08225108225108226,0.08227209683520363,-0.0066,-0.1408,0.1276,False
0.08225108225108226,0.08233514058756777,-0.0029,-0.1371,0.1314,False
0.08225108225108226,0.08250325726053881,-0.0009,-0.1352,0.1333,False
0.08225108225108226,0.08269238851763124,-0.0093,-0.1436,0.1249,False
0.08225108225108226,0.0829445635270878,0.0012,-0.133,0.1354,False
0.08225108225108226,0.08556442020726515,0.2577,0.1235,0.392,True
0.08225108225108226,0.08574143719157896,0.3492,0.215,0.4834,True
0.08225108225108226,0.08579112616963196,0.3459,0.2116,0.4801,True
0.08225108225108226,0.0858594620594191,1.1389,1.0046,1.2731,True
0.08225108225108226,0.08586910026858476,1.4905,1.3563,1.6248,True
0.08225108225108226,0.08590076867012908,1.3547,1.2204,1.4889,True
0.08225108225108226,0.08590292637025121,0.2327,0.0984,0.3669,True
0.08225108225108226,0.08593151914699095,1.297,1.1628,1.4312,True
0.08225108225108226,0.0859365677327444,1.1228,0.9886,1.257,True
0.08225108225108226,0.08593932150679172,1.3519,1.2177,1.4862,True
0.08225108225108226,0.08599118425134981,1.4672,1.333,1.6014,True
0.08225108225108226,0.08599898661115059,1.1571,1.0229,1.2914,True
0.08225108225108226,0.08602881916333001,1.4576,1.3233,1.5918,True
0.08225108225108226,0.08607425643511099,1.3049,1.1707,1.4392,True
0.08225108225108226,0.08608926003794996,0.2612,0.127,0.3955,True
0.08225108225108226,0.08610789340471983,0.272,0.1377,0.4062,True
0.08225108225108226,0.08614205457713127,0.3453,0.211,0.4795,True
0.08225108225108226,0.0861482656993879,0.2817,0.1475,0.4159,True
0.08225108225108226,0.08617932131067102,0.2906,0.1564,0.4249,True
0.08225108225108226,0.08622590472759571,0.3542,0.22,0.4885,True
0.08227209683520363,0.08233514058756777,0.0037,-0.1305,0.138,False
0.08227209683520363,0.08250325726053881,0.0057,-0.1286,0.1399,False
0.08227209683520363,0.08269238851763124,-0.0027,-0.137,0.1315,False
0.08227209683520363,0.0829445635270878,0.0078,-0.1264,0.142,False
0.08227209683520363,0.08556442020726515,0.2643,0.1301,0.3986,True
0.08227209683520363,0.08574143719157896,0.3558,0.2216,0.49,True
0.08227209683520363,0.08579112616963196,0.3525,0.2182,0.4867,True
0.08227209683520363,0.0858594620594191,1.1455,1.0112,1.2797,True
0.08227209683520363,0.08586910026858476,1.4971,1.3629,1.6314,True
0.08227209683520363,0.08590076867012908,1.3613,1.227,1.4955,True
0.08227209683520363,0.08590292637025121,0.2393,0.1051,0.3735,True
0.08227209683520363,0.08593151914699095,1.3036,1.1694,1.4379,True
0.08227209683520363,0.0859365677327444,1.1294,0.9952,1.2636,True
0.08227209683520363,0.08593932150679172,1.3585,1.2243,1.4928,True
0.08227209683520363,0.08599118425134981,1.4738,1.3396,1.6081,True
0.08227209683520363,0.08599898661115059,1.1637,1.0295,1.298,True
0.08227209683520363,0.08602881916333001,1.4642,1.33,1.5984,True
0.08227209683520363,0.08607425643511099,1.3115,1.1773,1.4458,True
0.08227209683520363,0.08608926003794996,0.2679,0.1336,0.4021,True
0.08227209683520363,0.08610789340471983,0.2786,0.1443,0.4128,True
0.08227209683520363,0.08614205457713127,0.3519,0.2176,0.4861,True
0.08227209683520363,0.0861482656993879,0.2883,0.1541,0.4226,True
0.08227209683520363,0.08617932131067102,0.2972,0.163,0.4315,True
0.08227209683520363,0.08622590472759571,0.3608,0.2266,0.4951,True
0.08233514058756777,0.08250325726053881,0.0019,-0.1323,0.1362,False
0.08233514058756777,0.08269238851763124,-0.0065,-0.1407,0.1278,False
0.08233514058756777,0.0829445635270878,0.0041,-0.1302,0.1383,False
0.08233514058756777,0.08556442020726515,0.2606,0.1264,0.3948,True
0.08233514058756777,0.08574143719157896,0.3521,0.2178,0.4863,True
0.08233514058756777,0.08579112616963196,0.3487,0.2145,0.483,True
0.08233514058756777,0.0858594620594191,1.1417,1.0075,1.276,True
0.08233514058756777,0.08586910026858476,1.4934,1.3592,1.6276,True
0.08233514058756777,0.08590076867012908,1.3575,1.2233,1.4918,True
0.08233514058756777,0.08590292637025121,0.2356,0.1013,0.3698,True
0.08233514058756777,0.08593151914699095,1.2999,1.1656,1.4341,True
0.08233514058756777,0.0859365677327444,1.1257,0.9914,1.2599,True
0.08233514058756777,0.08593932150679172,1.3548,1.2206,1.489,True
0.08233514058756777,0.08599118425134981,1.4701,1.3358,1.6043,True
0.08233514058756777,0.08599898661115059,1.16,1.0258,1.2942,True
0.08233514058756777,0.08602881916333001,1.4604,1.3262,1.5947,True
0.08233514058756777,0.08607425643511099,1.3078,1.1736,1.442,True
0.08233514058756777,0.08608926003794996,0.2641,0.1299,0.3983,True
0.08233514058756777,0.08610789340471983,0.2748,0.1406,0.4091,True
0.08233514058756777,0.08614205457713127,0.3481,0.2139,0.4824,True
0.08233514058756777,0.0861482656993879,0.2846,0.1503,0.4188,True
0.08233514058756777,0.08617932131067102,0.2935,0.1593,0.4277,True
0.08233514058756777,0.08622590472759571,0.3571,0.2228,0.4913,True
0.08250325726053881,0.08269238851763124,-0.0084,-0.1426,0.1258,False
0.08250325726053881,0.0829445635270878,0.0021,-0.1321,0.1364,False
0.08250325726053881,0.08556442020726515,0.2587,0.1244,0.3929,True
0.08250325726053881,0.08574143719157896,0.3501,0.2159,0.4844,True
0.08250325726053881,0.08579112616963196,0.3468,0.2125,0.481,True
0.08250325726053881,0.0858594620594191,1.1398,1.0055,1.274,True
0.08250325726053881,0.08586910026858476,1.4915,1.3572,1.6257,True
0.08250325726053881,0.08590076867012908,1.3556,1.2214,1.4898,True
0.08250325726053881,0.08590292637025121,0.2336,0.0994,0.3679,True
0.08250325726053881,0.08593151914699095,1.2979,1.1637,1.4322,True
0.08250325726053881,0.0859365677327444,1.1237,0.9895,1.258,True
0.08250325726053881,0.08593932150679172,1.3528,1.2186,1.4871,True
0.08250325726053881,0.08599118425134981,1.4681,1.3339,1.6024,True
0.08250325726053881,0.08599898661115059,1.1581,1.0238,1.2923,True
0.08250325726053881,0.08602881916333001,1.4585,1.3243,1.5927,True
0.08250325726053881,0.08607425643511099,1.3059,1.1716,1.4401,True
0.08250325726053881,0.08608926003794996,0.2622,0.1279,0.3964,True
0.08250325726053881,0.08610789340471983,0.2729,0.1387,0.4071,True
0.08250325726053881,0.08614205457713127,0.3462,0.212,0.4804,True
0.08250325726053881,0.0861482656993879,0.2826,0.1484,0.4169,True
0.08250325726053881,0.08617932131067102,0.2916,0.1573,0.4258,True
0.08250325726053881,0.08622590472759571,0.3551,0.2209,0.4894,True
0.08269238851763124,0.0829445635270878,0.0105,-0.1237,0.1448,False
0.08269238851763124,0.08556442020726515,0.2671,0.1328,0.4013,True
0.08269238851763124,0.08574143719157896,0.3585,0.2243,0.4928,True
0.08269238851763124,0.08579112616963196,0.3552,0.2209,0.4894,True
0.08269238851763124,0.0858594620594191,1.1482,1.0139,1.2824,True
0.08269238851763124,0.08586910026858476,1.4999,1.3656,1.6341,True
0.08269238851763124,0.08590076867012908,1.364,1.2298,1.4982,True
0.08269238851763124,0.08590292637025121,0.242,0.1078,0.3763,True
0.08269238851763124,0.08593151914699095,1.3063,1.1721,1.4406,True
0.08269238851763124,0.0859365677327444,1.1321,0.9979,1.2664,True
0.08269238851763124,0.08593932150679172,1.3613,1.227,1.4955,True
0.08269238851763124,0.08599118425134981,1.4765,1.3423,1.6108,True
0.08269238851763124,0.08599898661115059,1.1665,1.0322,1.3007,True
0.08269238851763124,0.08602881916333001,1.4669,1.3327,1.6011,True
0.08269238851763124,0.08607425643511099,1.3143,1.18,1.4485,True
0.08269238851763124,0.08608926003794996,0.2706,0.1363,0.4048,True
0.08269238851763124,0.08610789340471983,0.2813,0.1471,0.4155,True
0.08269238851763124,0.08614205457713127,0.3546,0.2204,0.4888,True
0.08269238851763124,0.0861482656993879,0.291,0.1568,0.4253,True
0.08269238851763124,0.08617932131067102,0.3,0.1657,0.4342,True
0.08269238851763124,0.08622590472759571,0.3635,0.2293,0.4978,True
0.0829445635270878,0.08556442020726515,0.2565,0.1223,0.3908,True
0.0829445635270878,0.08574143719157896,0.348,0.2138,0.4822,True
0.0829445635270878,0.08579112616963196,0.3447,0.2104,0.4789,True
0.0829445635270878,0.0858594620594191,1.1377,1.0034,1.2719,True
0.0829445635270878,0.08586910026858476,1.4893,1.3551,1.6236,True
0.0829445635270878,0.08590076867012908,1.3535,1.2192,1.4877,True
0.0829445635270878,0.08590292637025121,0.2315,0.0973,0.3657,True
0.0829445635270878,0.08593151914699095,1.2958,1.1616,1.43,True
0.0829445635270878,0.0859365677327444,1.1216,0.9874,1.2558,True
0.0829445635270878,0.08593932150679172,1.3507,1.2165,1.485,True
0.0829445635270878,0.08599118425134981,1.466,1.3318,1.6002,True
0.0829445635270878,0.08599898661115059,1.1559,1.0217,1.2902,True
0.0829445635270878,0.08602881916333001,1.4564,1.3221,1.5906,True
0.0829445635270878,0.08607425643511099,1.3037,1.1695,1.438,True
0.0829445635270878,0.08608926003794996,0.26,0.1258,0.3943,True
0.0829445635270878,0.08610789340471983,0.2708,0.1365,0.405,True
0.0829445635270878,0.08614205457713127,0.3441,0.2098,0.4783,True
0.0829445635270878,0.0861482656993879,0.2805,0.1463,0.4148,True
0.0829445635270878,0.08617932131067102,0.2894,0.1552,0.4237,True
0.0829445635270878,0.08622590472759571,0.353,0.2188,0.4873,True
0.08556442020726515,0.08574143719157896,0.0915,-0.0428,0.2257,False
0.08556442020726515,0.08579112616963196,0.0881,-0.0461,0.2224,False
0.08556442020726515,0.0858594620594191,0.8811,0.7469,1.0153,True
0.08556442020726515,0.08586910026858476,1.2328,1.0986,1.367,True
0.08556442020726515,0.08590076867012908,1.0969,0.9627,1.2312,True
0.08556442020726515,0.08590292637025121,-0.0251,-0.1593,0.1092,False
0.08556442020726515,0.08593151914699095,1.0393,0.905,1.1735,True
0.08556442020726515,0.0859365677327444,0.8651,0.7308,0.9993,True
0.08556442020726515,0.08593932150679172,1.0942,0.9599,1.2284,True
0.08556442020726515,0.08599118425134981,1.2095,1.0752,1.3437,True
0.08556442020726515,0.08599898661115059,0.8994,0.7651,1.0336,True
0.08556442020726515,0.08602881916333001,1.1998,1.0656,1.3341,True
0.08556442020726515,0.08607425643511099,1.0472,0.913,1.1814,True
0.08556442020726515,0.08608926003794996,0.0035,-0.1307,0.1377,False
0.08556442020726515,0.08610789340471983,0.0142,-0.12,0.1485,False
0.08556442020726515,0.08614205457713127,0.0875,-0.0467,0.2218,False
0.08556442020726515,0.0861482656993879,0.024,-0.1103,0.1582,False
0.08556442020726515,0.08617932131067102,0.0329,-0.1014,0.1671,False
0.08556442020726515,0.08622590472759571,0.0965,-0.0378,0.2307,False
0.08574143719157896,0.08579112616963196,-0.0033,-0.1376,0.1309,False
0.08574143719157896,0.0858594620594191,0.7897,0.6554,0.9239,True
0.08574143719157896,0.08586910026858476,1.1413,1.0071,1.2756,True
0.08574143719157896,0.08590076867012908,1.0055,0.8712,1.1397,True
0.08574143719157896,0.08590292637025121,-0.1165,-0.2507,0.0177,False
0.08574143719157896,0.08593151914699095,0.9478,0.8136,1.082,True
0.08574143719157896,0.0859365677327444,0.7736,0.6394,0.9078,True
0.08574143719157896,0.08593932150679172,1.0027,0.8685,1.137,True
0.08574143719157896,0.08599118425134981,1.118,0.9838,1.2523,True
0.08574143719157896,0.08599898661115059,0.8079,0.6737,0.9422,True
0.08574143719157896,0.08602881916333001,1.1084,0.9741,1.2426,True
0.08574143719157896,0.08607425643511099,0.9557,0.8215,1.09,True
0.08574143719157896,0.08608926003794996,-0.088,-0.2222,0.0463,False
0.08574143719157896,0.08610789340471983,-0.0772,-0.2115,0.057,False
0.08574143719157896,0.08614205457713127,-0.0039,-0.1382,0.1303,False
0.08574143719157896,0.0861482656993879,-0.0675,-0.2017,0.0668,False
0.08574143719157896,0.08617932131067102,-0.0586,-0.1928,0.0757,False
0.08574143719157896,0.08622590472759571,0.005,-0.1292,0.1393,False
0.08579112616963196,0.0858594620594191,0.793,0.6588,0.9272,True
0.08579112616963196,0.08586910026858476,1.1447,1.0104,1.2789,True
0.08579112616963196,0.08590076867012908,1.0088,0.8746,1.143,True
0.08579112616963196,0.08590292637025121,-0.1132,-0.2474,0.0211,False
0.08579112616963196,0.08593151914699095,0.9512,0.8169,1.0854,True
0.08579112616963196,0.0859365677327444,0.7769,0.6427,0.9112,True
0.08579112616963196,0.08593932150679172,1.0061,0.8718,1.1403,True
0.08579112616963196,0.08599118425134981,1.1214,0.9871,1.2556,True
0.08579112616963196,0.08599898661115059,0.8113,0.677,0.9455,True
0.08579112616963196,0.08602881916333001,1.1117,0.9775,1.246,True
0.08579112616963196,0.08607425643511099,0.9591,0.8248,1.0933,True
0.08579112616963196,0.08608926003794996,-0.0846,-0.2188,0.0496,False
0.08579112616963196,0.08610789340471983,-0.0739,-0.2081,0.0603,False
0.08579112616963196,0.08614205457713127,-0.0006,-0.1348,0.1336,False
0.08579112616963196,0.0861482656993879,-0.0641,-0.1984,0.0701,False
0.08579112616963196,0.08617932131067102,-0.0552,-0.1895,0.079,False
0.08579112616963196,0.08622590472759571,0.0084,-0.1259,0.1426,False
0.0858594620594191,0.08586910026858476,0.3517,0.2174,0.4859,True
0.0858594620594191,0.08590076867012908,0.2158,0.0816,0.35,True
0.0858594620594191,0.08590292637025121,-0.9062,-1.0404,-0.7719,True
0.0858594620594191,0.08593151914699095,0.1582,0.0239,0.2924,True
0.0858594620594191,0.0859365677327444,-0.0161,-0.1503,0.1182,False
0.0858594620594191,0.08593932150679172,0.2131,0.0788,0.3473,True
0.0858594620594191,0.08599118425134981,0.3284,0.1941,0.4626,True
0.0858594620594191,0.08599898661115059,0.0183,-0.116,0.1525,False
0.0858594620594191,0.08602881916333001,0.3187,0.1845,0.453,True
0.0858594620594191,0.08607425643511099,0.1661,0.0318,0.3003,True
0.0858594620594191,0.08608926003794996,-0.8776,-1.0118,-0.7434,True
0.0858594620594191,0.08610789340471983,-0.8669,-1.0011,-0.7327,True
0.0858594620594191,0.08614205457713127,-0.7936,-0.9278,-0.6594,True
0.0858594620594191,0.0861482656993879,-0.8571,-0.9914,-0.7229,True
0.0858594620594191,0.08617932131067102,-0.8482,-0.9825,-0.714,True
0.0858594620594191,0.08622590472759571,-0.7846,-0.9189,-0.6504,True
0.08586910026858476,0.08590076867012908,-0.1359,-0.2701,-0.0016,True
0.08586910026858476,0.08590292637025121,-1.2578,-1.3921,-1.1236,True
0.08586910026858476,0.08593151914699095,-0.1935,-0.3278,-0.0593,True
0.08586910026858476,0.0859365677327444,-0.3677,-0.502,-0.2335,True
0.08586910026858476,0.08593932150679172,-0.1386,-0.2729,-0.0044,True
0.08586910026858476,0.08599118425134981,-0.0233,-0.1576,0.1109,False
0.08586910026858476,0.08599898661115059,-0.3334,-0.4676,-0.1992,True
0.08586910026858476,0.08602881916333001,-0.033,-0.1672,0.1013,False
0.08586910026858476,0.08607425643511099,-0.1856,-0.3198,-0.0514,True
0.08586910026858476,0.08608926003794996,-1.2293,-1.3635,-1.0951,True
0.08586910026858476,0.08610789340471983,-1.2186,-1.3528,-1.0843,True
0.08586910026858476,0.08614205457713127,-1.1453,-1.2795,-1.011,True
0.08586910026858476,0.0861482656993879,-1.2088,-1.3431,-1.0746,True
0.08586910026858476,0.08617932131067102,-1.1999,-1.3341,-1.0657,True
0.08586910026858476,0.08622590472759571,-1.1363,-1.2706,-1.0021,True
0.08590076867012908,0.08590292637025121,-1.122,-1.2562,-0.9877,True
0.08590076867012908,0.08593151914699095,-0.0576,-0.1919,0.0766,False
0.08590076867012908,0.0859365677327444,-0.2319,-0.3661,-0.0976,True
0.08590076867012908,0.08593932150679172,-0.0027,-0.137,0.1315,False
0.08590076867012908,0.08599118425134981,0.1126,-0.0217,0.2468,False
0.08590076867012908,0.08599898661115059,-0.1975,-0.3318,-0.0633,True
0.08590076867012908,0.08602881916333001,0.1029,-0.0313,0.2372,False
0.08590076867012908,0.08607425643511099,-0.0497,-0.184,0.0845,False
0.08590076867012908,0.08608926003794996,-1.0934,-1.2277,-0.9592,True
0.08590076867012908,0.08610789340471983,-1.0827,-1.2169,-0.9485,True
0.08590076867012908,0.08614205457713127,-1.0094,-1.1436,-0.8752,True
0.08590076867012908,0.0861482656993879,-1.0729,-1.2072,-0.9387,True
0.08590076867012908,0.08617932131067102,-1.064,-1.1983,-0.9298,True
0.08590076867012908,0.08622590472759571,-1.0004,-1.1347,-0.8662,True
0.08590292637025121,0.08593151914699095,1.0643,0.9301,1.1986,True
0.08590292637025121,0.0859365677327444,0.8901,0.7559,1.0243,True
0.08590292637025121,0.08593932150679172,1.1192,0.985,1.2535,True
0.08590292637025121,0.08599118425134981,1.2345,1.1003,1.3688,True
0.08590292637025121,0.08599898661115059,0.9244,0.7902,1.0587,True
0.08590292637025121,0.08602881916333001,1.2249,1.0907,1.3591,True
0.08590292637025121,0.08607425643511099,1.0723,0.938,1.2065,True
0.08590292637025121,0.08608926003794996,0.0286,-0.1057,0.1628,False
0.08590292637025121,0.08610789340471983,0.0393,-0.095,0.1735,False
0.08590292637025121,0.08614205457713127,0.1126,-0.0217,0.2468,False
0.08590292637025121,0.0861482656993879,0.049,-0.0852,0.1833,False
0.08590292637025121,0.08617932131067102,0.0579,-0.0763,0.1922,False
0.08590292637025121,0.08622590472759571,0.1215,-0.0127,0.2558,False
0.08593151914699095,0.0859365677327444,-0.1742,-0.3084,-0.04,True
0.08593151914699095,0.08593932150679172,0.0549,-0.0793,0.1891,False
0.08593151914699095,0.08599118425134981,0.1702,0.036,0.3044,True
0.08593151914699095,0.08599898661115059,-0.1399,-0.2741,-0.0056,True
0.08593151914699095,0.08602881916333001,0.1606,0.0263,0.2948,True
0.08593151914699095,0.08607425643511099,0.0079,-0.1263,0.1422,False
0.08593151914699095,0.08608926003794996,-1.0358,-1.17,-0.9015,True
0.08593151914699095,0.08610789340471983,-1.025,-1.1593,-0.8908,True
0.08593151914699095,0.08614205457713127,-0.9517,-1.086,-0.8175,True
0.08593151914699095,0.0861482656993879,-1.0153,-1.1495,-0.8811,True
0.08593151914699095,0.08617932131067102,-1.0064,-1.1406,-0.8721,True
0.08593151914699095,0.08622590472759571,-0.9428,-1.077,-0.8086,True
0.0859365677327444,0.08593932150679172,0.2291,0.0949,0.3634,True
0.0859365677327444,0.08599118425134981,0.3444,0.2102,0.4787,True
0.0859365677327444,0.08599898661115059,0.0343,-0.0999,0.1686,False
0.0859365677327444,0.08602881916333001,0.3348,0.2005,0.469,True
0.0859365677327444,0.08607425643511099,0.1821,0.0479,0.3164,True
0.0859365677327444,0.08608926003794996,-0.8616,-0.9958,-0.7273,True
0.0859365677327444,0.08610789340471983,-0.8508,-0.9851,-0.7166,True
0.0859365677327444,0.08614205457713127,-0.7775,-0.9118,-0.6433,True
0.0859365677327444,0.0861482656993879,-0.8411,-0.9753,-0.7068,True
0.0859365677327444,0.08617932131067102,-0.8322,-0.9664,-0.6979,True
0.0859365677327444,0.08622590472759571,-0.7686,-0.9028,-0.6343,True
0.08593932150679172,0.08599118425134981,0.1153,-0.0189,0.2495,False
0.08593932150679172,0.08599898661115059,-0.1948,-0.329,-0.0606,True
0.08593932150679172,0.08602881916333001,0.1057,-0.0286,0.2399,False
0.08593932150679172,0.08607425643511099,-0.047,-0.1812,0.0873,False
0.08593932150679172,0.08608926003794996,-1.0907,-1.2249,-0.9564,True
0.08593932150679172,0.08610789340471983,-1.08,-1.2142,-0.9457,True
0.08593932150679172,0.08614205457713127,-1.0067,-1.1409,-0.8724,True
0.08593932150679172,0.0861482656993879,-1.0702,-1.2044,-0.936,True
0.08593932150679172,0.08617932131067102,-1.0613,-1.1955,-0.9271,True
0.08593932150679172,0.08622590472759571,-0.9977,-1.1319,-0.8635,True
0.08599118425134981,0.08599898661115059,-0.3101,-0.4443,-0.1759,True
0.08599118425134981,0.08602881916333001,-0.0096,-0.1439,0.1246,False
0.08599118425134981,0.08607425643511099,-0.1623,-0.2965,-0.028,True
0.08599118425134981,0.08608926003794996,-1.206,-1.3402,-1.0717,True
0.08599118425134981,0.08610789340471983,-1.1952,-1.3295,-1.061,True
0.08599118425134981,0.08614205457713127,-1.1219,-1.2562,-0.9877,True
0.08599118425134981,0.0861482656993879,-1.1855,-1.3197,-1.0513,True
0.08599118425134981,0.08617932131067102,-1.1766,-1.3108,-1.0423,True
0.08599118425134981,0.08622590472759571,-1.113,-1.2472,-0.9788,True
0.08599898661115059,0.08602881916333001,0.3005,0.1662,0.4347,True
0.08599898661115059,0.08607425643511099,0.1478,0.0136,0.2821,True
0.08599898661115059,0.08608926003794996,-0.8959,-1.0301,-0.7616,True
0.08599898661115059,0.08610789340471983,-0.8852,-1.0194,-0.7509,True
0.08599898661115059,0.08614205457713127,-0.8119,-0.9461,-0.6776,True
0.08599898661115059,0.0861482656993879,-0.8754,-1.0096,-0.7412,True
0.08599898661115059,0.08617932131067102,-0.8665,-1.0007,-0.7323,True
0.08599898661115059,0.08622590472759571,-0.8029,-0.9371,-0.6687,True
0.08602881916333001,0.08607425643511099,-0.1526,-0.2869,-0.0184,True
0.08602881916333001,0.08608926003794996,-1.1963,-1.3306,-1.0621,True
0.08602881916333001,0.08610789340471983,-1.1856,-1.3199,-1.0514,True
0.08602881916333001,0.08614205457713127,-1.1123,-1.2466,-0.9781,True
0.08602881916333001,0.0861482656993879,-1.1759,-1.3101,-1.0416,True
0.08602881916333001,0.08617932131067102,-1.167,-1.3012,-1.0327,True
0.08602881916333001,0.08622590472759571,-1.1034,-1.2376,-0.9691,True
0.08607425643511099,0.08608926003794996,-1.0437,-1.1779,-0.9095,True
0.08607425643511099,0.08610789340471983,-1.033,-1.1672,-0.8987,True
0.08607425643511099,0.08614205457713127,-0.9597,-1.0939,-0.8254,True
0.08607425643511099,0.0861482656993879,-1.0232,-1.1575,-0.889,True
0.08607425643511099,0.08617932131067102,-1.0143,-1.1485,-0.8801,True
0.08607425643511099,0.08622590472759571,-0.9507,-1.085,-0.8165,True
0.08608926003794996,0.08610789340471983,0.0107,-0.1235,0.145,False
0.08608926003794996,0.08614205457713127,0.084,-0.0502,0.2183,False
0.08608926003794996,0.0861482656993879,0.0205,-0.1138,0.1547,False
0.08608926003794996,0.08617932131067102,0.0294,-0.1049,0.1636,False
0.08608926003794996,0.08622590472759571,0.093,-0.0413,0.2272,False
0.08610789340471983,0.08614205457713127,0.0733,-0.0609,0.2075,False
0.08610789340471983,0.0861482656993879,0.0097,-0.1245,0.144,False
0.08610789340471983,0.08617932131067102,0.0187,-0.1156,0.1529,False
0.08610789340471983,0.08622590472759571,0.0823,-0.052,0.2165,False
0.08614205457713127,0.0861482656993879,-0.0636,-0.1978,0.0707,False
0.08614205457713127,0.08617932131067102,-0.0546,-0.1889,0.0796,False
0.08614205457713127,0.08622590472759571,0.009,-0.1253,0.1432,False
0.0861482656993879,0.08617932131067102,0.0089,-0.1253,0.1431,False
0.0861482656993879,0.08622590472759571,0.0725,-0.0617,0.2067,False
0.08617932131067102,0.08622590472759571,0.0636,-0.0706,0.1978,False
